ticker,fiscal_date,filed_date,book_equity,form,equity_concept
NVDA,2019-01-27,2019-02-21,9342000000,10-K,StockholdersEquity
NVDA,2019-04-28,2019-05-16,9704000000,10-Q,StockholdersEquity
NVDA,2019-07-28,2019-08-15,10336000000,10-Q,StockholdersEquity
NVDA,2019-10-27,2019-11-14,11214000000,10-Q,StockholdersEquity
NVDA,2020-01-26,2020-02-20,12204000000,10-K,StockholdersEquity
NVDA,2020-04-26,2020-05-21,13099000000,10-Q,StockholdersEquity
NVDA,2020-07-26,2020-08-19,13914000000,10-Q,StockholdersEquity
NVDA,2020-10-25,2020-11-18,15334000000,10-Q,StockholdersEquity
NVDA,2021-01-31,2021-02-26,16893000000,10-K,StockholdersEquity
NVDA,2021-05-02,2021-05-26,18774000000,10-Q,StockholdersEquity
NVDA,2021-08-01,2021-08-20,21147000000,10-Q,StockholdersEquity
NVDA,2021-10-31,2021-11-22,23798000000,10-Q,StockholdersEquity
NVDA,2022-01-30,2022-03-18,26612000000,10-K,StockholdersEquity
NVDA,2022-05-01,2022-05-27,26320000000,10-Q,StockholdersEquity
NVDA,2022-07-31,2022-08-31,23851000000,10-Q,StockholdersEquity
NVDA,2022-10-30,2022-11-18,21349000000,10-Q,StockholdersEquity
NVDA,2023-01-29,2023-02-24,22101000000,10-K,StockholdersEquity
NVDA,2023-04-30,2023-05-26,24520000000,10-Q,StockholdersEquity
NVDA,2023-07-30,2023-08-28,27501000000,10-Q,StockholdersEquity
NVDA,2023-10-29,2023-11-21,33265000000,10-Q,StockholdersEquity
NVDA,2024-01-28,2024-02-21,42978000000,10-K,StockholdersEquity
NVDA,2024-04-28,2024-05-29,49142000000,10-Q,StockholdersEquity
NVDA,2024-07-28,2024-08-28,58157000000,10-Q,StockholdersEquity
NVDA,2024-10-27,2024-11-20,65899000000,10-Q,StockholdersEquity
NVDA,2025-01-26,2025-02-26,79327000000,10-K,StockholdersEquity
NVDA,2025-04-27,2025-05-28,83843000000,10-Q,StockholdersEquity
NVDA,2025-07-27,2025-08-27,100131000000,10-Q,StockholdersEquity
NVDA,2025-10-26,2025-11-19,118897000000,10-Q,StockholdersEquity
NVDA,2026-01-25,2026-02-25,157293000000,10-K,StockholdersEquity
NVDA,2026-04-26,2026-05-20,195474000000,10-Q,StockholdersEquity
NVDA,2026-07-26,2026-08-26,228984000000,10-Q,StockholdersEquity
AAPL,2019-03-30,2019-05-01,105860000000,10-Q,StockholdersEquity
AAPL,2019-06-29,2019-07-31,96456000000,10-Q,StockholdersEquity
AAPL,2019-09-28,2019-10-31,90488000000,10-K,StockholdersEquity
AAPL,2019-12-28,2020-01-29,89531000000,10-Q,StockholdersEquity
AAPL,2020-03-28,2020-05-01,78425000000,10-Q,StockholdersEquity
AAPL,2020-06-27,2020-07-31,72282000000,10-Q,StockholdersEquity
AAPL,2020-09-26,2020-10-30,65339000000,10-K,StockholdersEquity
AAPL,2020-12-26,2021-01-28,66224000000,10-Q,StockholdersEquity
AAPL,2021-03-27,2021-04-29,69178000000,10-Q,StockholdersEquity
AAPL,2021-06-26,2021-07-28,64280000000,10-Q,StockholdersEquity
AAPL,2021-09-25,2021-10-29,63090000000,10-K,StockholdersEquity
AAPL,2021-12-25,2022-01-28,71932000000,10-Q,StockholdersEquity
AAPL,2022-03-26,2022-04-29,67399000000,10-Q,StockholdersEquity
AAPL,2022-06-25,2022-07-29,58107000000,10-Q,StockholdersEquity
AAPL,2022-09-24,2022-10-28,50672000000,10-K,StockholdersEquity
AAPL,2022-12-31,2023-02-03,56727000000,10-Q,StockholdersEquity
AAPL,2023-04-01,2023-05-05,62158000000,10-Q,StockholdersEquity
AAPL,2023-07-01,2023-08-04,60274000000,10-Q,StockholdersEquity
AAPL,2023-09-30,2023-11-03,62146000000,10-K,StockholdersEquity
AAPL,2023-12-30,2024-02-02,74100000000,10-Q,StockholdersEquity
AAPL,2024-03-30,2024-05-03,74194000000,10-Q,StockholdersEquity
AAPL,2024-06-29,2024-08-02,66708000000,10-Q,StockholdersEquity
AAPL,2024-09-28,2024-11-01,56950000000,10-K,StockholdersEquity
AAPL,2024-12-28,2025-01-31,66758000000,10-Q,StockholdersEquity
AAPL,2025-03-29,2025-05-02,66796000000,10-Q,StockholdersEquity
AAPL,2025-06-28,2025-08-01,65830000000,10-Q,StockholdersEquity
AAPL,2025-09-27,2025-10-31,73733000000,10-K,StockholdersEquity
AAPL,2025-12-27,2026-01-30,88190000000,10-Q,StockholdersEquity
AAPL,2026-03-28,2026-05-01,106491000000,10-Q,StockholdersEquity
AAPL,2026-06-27,2026-07-31,107520000000,10-Q,StockholdersEquity
GOOGL,2019-03-31,2019-04-30,183472000000,10-Q,StockholdersEquity
GOOGL,2019-06-30,2019-07-26,192192000000,10-Q,StockholdersEquity
GOOGL,2019-09-30,2019-10-29,194969000000,10-Q,StockholdersEquity
GOOGL,2019-12-31,2020-02-04,201442000000,10-K,StockholdersEquity
GOOGL,2020-03-31,2020-04-29,203659000000,10-Q,StockholdersEquity
GOOGL,2020-06-30,2020-07-31,207322000000,10-Q,StockholdersEquity
GOOGL,2020-09-30,2020-10-30,212920000000,10-Q,StockholdersEquity
GOOGL,2020-12-31,2021-02-03,222544000000,10-K,StockholdersEquity
GOOGL,2021-03-31,2021-04-28,230013000000,10-Q,StockholdersEquity
GOOGL,2021-06-30,2021-07-28,237565000000,10-Q,StockholdersEquity
GOOGL,2021-09-30,2021-10-27,244567000000,10-Q,StockholdersEquity
GOOGL,2021-12-31,2022-02-02,251635000000,10-K,StockholdersEquity
GOOGL,2022-03-31,2022-04-27,254004000000,10-Q,StockholdersEquity
GOOGL,2022-06-30,2022-07-27,255419000000,10-Q,StockholdersEquity
GOOGL,2022-09-30,2022-10-26,253626000000,10-Q,StockholdersEquity
GOOGL,2022-12-31,2023-02-03,256144000000,10-K,StockholdersEquity
GOOGL,2023-03-31,2023-04-26,260894000000,10-Q,StockholdersEquity
GOOGL,2023-06-30,2023-07-26,267141000000,10-Q,StockholdersEquity
GOOGL,2023-09-30,2023-10-25,273202000000,10-Q,StockholdersEquity
GOOGL,2023-12-31,2024-01-31,283379000000,10-K,StockholdersEquity
GOOGL,2024-03-31,2024-04-26,292844000000,10-Q,StockholdersEquity
GOOGL,2024-06-30,2024-07-24,300753000000,10-Q,StockholdersEquity
GOOGL,2024-09-30,2024-10-30,314119000000,10-Q,StockholdersEquity
GOOGL,2024-12-31,2025-02-05,325084000000,10-K,StockholdersEquity
GOOGL,2025-03-31,2025-04-25,345267000000,10-Q,StockholdersEquity
GOOGL,2025-06-30,2025-07-24,362916000000,10-Q,StockholdersEquity
GOOGL,2025-09-30,2025-10-30,386867000000,10-Q,StockholdersEquity
GOOGL,2025-12-31,2026-02-05,415265000000,10-K,StockholdersEquity
GOOGL,2026-03-31,2026-04-30,478746000000,10-Q,StockholdersEquity
GOOGL,2026-06-30,2026-07-23,640480000000,10-Q,StockholdersEquity
GOOG,2019-03-31,2019-04-30,183472000000,10-Q,StockholdersEquity
GOOG,2019-06-30,2019-07-26,192192000000,10-Q,StockholdersEquity
GOOG,2019-09-30,2019-10-29,194969000000,10-Q,StockholdersEquity
GOOG,2019-12-31,2020-02-04,201442000000,10-K,StockholdersEquity
GOOG,2020-03-31,2020-04-29,203659000000,10-Q,StockholdersEquity
GOOG,2020-06-30,2020-07-31,207322000000,10-Q,StockholdersEquity
GOOG,2020-09-30,2020-10-30,212920000000,10-Q,StockholdersEquity
GOOG,2020-12-31,2021-02-03,222544000000,10-K,StockholdersEquity
GOOG,2021-03-31,2021-04-28,230013000000,10-Q,StockholdersEquity
GOOG,2021-06-30,2021-07-28,237565000000,10-Q,StockholdersEquity
GOOG,2021-09-30,2021-10-27,244567000000,10-Q,StockholdersEquity
GOOG,2021-12-31,2022-02-02,251635000000,10-K,StockholdersEquity
GOOG,2022-03-31,2022-04-27,254004000000,10-Q,StockholdersEquity
GOOG,2022-06-30,2022-07-27,255419000000,10-Q,StockholdersEquity
GOOG,2022-09-30,2022-10-26,253626000000,10-Q,StockholdersEquity
GOOG,2022-12-31,2023-02-03,256144000000,10-K,StockholdersEquity
GOOG,2023-03-31,2023-04-26,260894000000,10-Q,StockholdersEquity
GOOG,2023-06-30,2023-07-26,267141000000,10-Q,StockholdersEquity
GOOG,2023-09-30,2023-10-25,273202000000,10-Q,StockholdersEquity
GOOG,2023-12-31,2024-01-31,283379000000,10-K,StockholdersEquity
GOOG,2024-03-31,2024-04-26,292844000000,10-Q,StockholdersEquity
GOOG,2024-06-30,2024-07-24,300753000000,10-Q,StockholdersEquity
GOOG,2024-09-30,2024-10-30,314119000000,10-Q,StockholdersEquity
GOOG,2024-12-31,2025-02-05,325084000000,10-K,StockholdersEquity
GOOG,2025-03-31,2025-04-25,345267000000,10-Q,StockholdersEquity
GOOG,2025-06-30,2025-07-24,362916000000,10-Q,StockholdersEquity
GOOG,2025-09-30,2025-10-30,386867000000,10-Q,StockholdersEquity
GOOG,2025-12-31,2026-02-05,415265000000,10-K,StockholdersEquity
GOOG,2026-03-31,2026-04-30,478746000000,10-Q,StockholdersEquity
GOOG,2026-06-30,2026-07-23,640480000000,10-Q,StockholdersEquity
MSFT,2019-03-31,2019-04-24,94864000000,10-Q,StockholdersEquity
MSFT,2019-06-30,2019-08-01,102330000000,10-K,StockholdersEquity
MSFT,2019-09-30,2019-10-23,106061000000,10-Q,StockholdersEquity
MSFT,2019-12-31,2020-01-29,110109000000,10-Q,StockholdersEquity
MSFT,2020-03-31,2020-04-29,114501000000,10-Q,StockholdersEquity
MSFT,2020-06-30,2020-07-30,118304000000,10-K,StockholdersEquity
MSFT,2020-09-30,2020-10-27,123392000000,10-Q,StockholdersEquity
MSFT,2020-12-31,2021-01-26,130236000000,10-Q,StockholdersEquity
MSFT,2021-03-31,2021-04-27,134505000000,10-Q,StockholdersEquity
MSFT,2021-06-30,2021-07-29,141988000000,10-K,StockholdersEquity
MSFT,2021-09-30,2021-10-26,151978000000,10-Q,StockholdersEquity
MSFT,2021-12-31,2022-01-25,160010000000,10-Q,StockholdersEquity
MSFT,2022-03-31,2022-04-26,162924000000,10-Q,StockholdersEquity
MSFT,2022-06-30,2022-07-28,166542000000,10-K,StockholdersEquity
MSFT,2022-09-30,2022-10-25,173566000000,10-Q,StockholdersEquity
MSFT,2022-12-31,2023-01-24,183136000000,10-Q,StockholdersEquity
MSFT,2023-03-31,2023-04-25,194683000000,10-Q,StockholdersEquity
MSFT,2023-06-30,2023-07-27,206223000000,10-K,StockholdersEquity
MSFT,2023-09-30,2023-10-24,220714000000,10-Q,StockholdersEquity
MSFT,2023-12-31,2024-01-30,238268000000,10-Q,StockholdersEquity
MSFT,2024-03-31,2024-04-25,253152000000,10-Q,StockholdersEquity
MSFT,2024-06-30,2024-07-30,268477000000,10-K,StockholdersEquity
MSFT,2024-09-30,2024-10-30,287723000000,10-Q,StockholdersEquity
MSFT,2024-12-31,2025-01-29,302695000000,10-Q,StockholdersEquity
MSFT,2025-03-31,2025-04-30,321891000000,10-Q,StockholdersEquity
MSFT,2025-06-30,2025-07-30,343479000000,10-K,StockholdersEquity
MSFT,2025-09-30,2025-10-29,363076000000,10-Q,StockholdersEquity
MSFT,2025-12-31,2026-01-28,390875000000,10-Q,StockholdersEquity
MSFT,2026-03-31,2026-04-29,414367000000,10-Q,StockholdersEquity
MSFT,2026-06-30,2026-07-29,442387000000,10-K,StockholdersEquity
AMZN,2019-03-31,2019-04-26,48410000000,10-Q,StockholdersEquity
AMZN,2019-06-30,2019-07-26,53061000000,10-Q,StockholdersEquity
AMZN,2019-09-30,2019-10-25,56508000000,10-Q,StockholdersEquity
AMZN,2019-12-31,2020-01-31,62060000000,10-K,StockholdersEquity
AMZN,2020-03-31,2020-05-01,65272000000,10-Q,StockholdersEquity
AMZN,2020-06-30,2020-07-31,73728000000,10-Q,StockholdersEquity
AMZN,2020-09-30,2020-10-30,82775000000,10-Q,StockholdersEquity
AMZN,2020-12-31,2021-02-03,93404000000,10-K,StockholdersEquity
AMZN,2021-03-31,2021-04-30,103320000000,10-Q,StockholdersEquity
AMZN,2021-06-30,2021-07-30,114803000000,10-Q,StockholdersEquity
AMZN,2021-09-30,2021-10-29,120564000000,10-Q,StockholdersEquity
AMZN,2021-12-31,2022-02-04,138245000000,10-K,StockholdersEquity
AMZN,2022-03-31,2022-04-29,134001000000,10-Q,StockholdersEquity
AMZN,2022-06-30,2022-07-29,131402000000,10-Q,StockholdersEquity
AMZN,2022-09-30,2022-10-28,137489000000,10-Q,StockholdersEquity
AMZN,2022-12-31,2023-02-03,146043000000,10-K,StockholdersEquity
AMZN,2023-03-31,2023-04-28,154526000000,10-Q,StockholdersEquity
AMZN,2023-06-30,2023-08-04,168602000000,10-Q,StockholdersEquity
AMZN,2023-09-30,2023-10-27,182973000000,10-Q,StockholdersEquity
AMZN,2023-12-31,2024-02-02,201875000000,10-K,StockholdersEquity
AMZN,2024-03-31,2024-05-01,216661000000,10-Q,StockholdersEquity
AMZN,2024-06-30,2024-08-02,236447000000,10-Q,StockholdersEquity
AMZN,2024-09-30,2024-11-01,259151000000,10-Q,StockholdersEquity
AMZN,2024-12-31,2025-02-07,285970000000,10-K,StockholdersEquity
AMZN,2025-03-31,2025-05-02,305867000000,10-Q,StockholdersEquity
AMZN,2025-06-30,2025-08-01,333775000000,10-Q,StockholdersEquity
AMZN,2025-09-30,2025-10-31,369631000000,10-Q,StockholdersEquity
AMZN,2025-12-31,2026-02-06,411065000000,10-K,StockholdersEquity
AMZN,2026-03-31,2026-04-30,441914000000,10-Q,StockholdersEquity
AMZN,2026-06-30,2026-07-31,551620000000,10-Q,StockholdersEquity
META,2019-03-31,2019-04-25,86516000000,10-Q,StockholdersEquity
META,2019-06-30,2019-07-25,88762000000,10-Q,StockholdersEquity
META,2019-09-30,2019-10-31,93999000000,10-Q,StockholdersEquity
META,2019-12-31,2020-01-30,101054000000,10-K,StockholdersEquity
META,2020-03-31,2020-04-30,105304000000,10-Q,StockholdersEquity
META,2020-06-30,2020-07-31,110447000000,10-Q,StockholdersEquity
META,2020-09-30,2020-10-30,117731000000,10-Q,StockholdersEquity
META,2020-12-31,2021-01-28,128290000000,10-K,StockholdersEquity
META,2021-03-31,2021-04-29,133657000000,10-Q,StockholdersEquity
META,2021-06-30,2021-07-29,138227000000,10-Q,StockholdersEquity
META,2021-09-30,2021-10-26,133360000000,10-Q,StockholdersEquity
META,2021-12-31,2022-02-03,124879000000,10-K,StockholdersEquity
META,2022-03-31,2022-04-28,123228000000,10-Q,StockholdersEquity
META,2022-06-30,2022-07-28,125767000000,10-Q,StockholdersEquity
META,2022-09-30,2022-10-27,124094000000,10-Q,StockholdersEquity
META,2022-12-31,2023-02-02,125713000000,10-K,StockholdersEquity
META,2023-03-31,2023-04-27,124795000000,10-Q,StockholdersEquity
META,2023-06-30,2023-07-27,134033000000,10-Q,StockholdersEquity
META,2023-09-30,2023-10-26,142873000000,10-Q,StockholdersEquity
META,2023-12-31,2024-02-02,153168000000,10-K,StockholdersEquity
META,2024-03-31,2024-04-25,149529000000,10-Q,StockholdersEquity
META,2024-06-30,2024-08-01,156763000000,10-Q,StockholdersEquity
META,2024-09-30,2024-10-31,164529000000,10-Q,StockholdersEquity
META,2024-12-31,2025-01-30,182637000000,10-K,StockholdersEquity
META,2025-03-31,2025-05-01,185029000000,10-Q,StockholdersEquity
META,2025-06-30,2025-07-31,195070000000,10-Q,StockholdersEquity
META,2025-09-30,2025-10-30,194066000000,10-Q,StockholdersEquity
META,2025-12-31,2026-01-29,217243000000,10-K,StockholdersEquity
META,2026-03-31,2026-04-30,243681000000,10-Q,StockholdersEquity
META,2026-06-30,2026-07-30,261221000000,10-Q,StockholdersEquity
AVGO,2019-02-03,2019-03-15,23224000000,10-Q,StockholdersEquityIncludingPortionAttributableToNoncontrollingInterest
AVGO,2019-05-05,2019-06-14,22172000000,10-Q,StockholdersEquityIncludingPortionAttributableToNoncontrollingInterest
AVGO,2019-08-04,2019-09-13,21503000000,10-Q,StockholdersEquityIncludingPortionAttributableToNoncontrollingInterest
AVGO,2019-11-03,2019-12-20,24941000000,10-K,StockholdersEquityIncludingPortionAttributableToNoncontrollingInterest
AVGO,2020-02-02,2020-03-13,24368000000,10-Q,StockholdersEquityIncludingPortionAttributableToNoncontrollingInterest
AVGO,2020-05-03,2020-06-12,23942000000,10-Q,StockholdersEquityIncludingPortionAttributableToNoncontrollingInterest
AVGO,2020-08-02,2020-09-11,23557000000,10-Q,StockholdersEquityIncludingPortionAttributableToNoncontrollingInterest
AVGO,2020-11-01,2020-12-18,23874000000,10-K,StockholdersEquityIncludingPortionAttributableToNoncontrollingInterest
AVGO,2021-01-31,2021-03-12,23973000000,10-Q,StockholdersEquityIncludingPortionAttributableToNoncontrollingInterest
AVGO,2021-05-02,2021-06-11,23939000000,10-Q,StockholdersEquityIncludingPortionAttributableToNoncontrollingInterest
AVGO,2021-08-01,2021-09-09,24340000000,10-Q,StockholdersEquityIncludingPortionAttributableToNoncontrollingInterest
AVGO,2021-10-31,2021-12-17,24962000000,10-K,StockholdersEquityIncludingPortionAttributableToNoncontrollingInterest
AVGO,2022-01-30,2022-03-10,22968000000,10-Q,StockholdersEquityIncludingPortionAttributableToNoncontrollingInterest
AVGO,2022-05-01,2022-06-09,20963000000,10-Q,StockholdersEquityIncludingPortionAttributableToNoncontrollingInterest
AVGO,2022-07-31,2022-09-08,20876000000,10-Q,StockholdersEquityIncludingPortionAttributableToNoncontrollingInterest
AVGO,2022-10-30,2022-12-16,22709000000,10-K,StockholdersEquityIncludingPortionAttributableToNoncontrollingInterest
AVGO,2023-01-29,2023-03-08,23310000000,10-Q,StockholdersEquityIncludingPortionAttributableToNoncontrollingInterest
AVGO,2023-04-30,2023-06-07,22007000000,10-Q,StockholdersEquityIncludingPortionAttributableToNoncontrollingInterest
AVGO,2023-07-30,2023-09-06,22079000000,10-Q,StockholdersEquityIncludingPortionAttributableToNoncontrollingInterest
AVGO,2023-10-29,2023-12-14,23988000000,10-K,StockholdersEquityIncludingPortionAttributableToNoncontrollingInterest
AVGO,2024-02-04,2024-03-14,70284000000,10-Q,StockholdersEquityIncludingPortionAttributableToNoncontrollingInterest
AVGO,2024-05-05,2024-06-13,69961000000,10-Q,StockholdersEquityIncludingPortionAttributableToNoncontrollingInterest
AVGO,2024-08-04,2024-09-11,65651000000,10-Q,StockholdersEquityIncludingPortionAttributableToNoncontrollingInterest
AVGO,2024-11-03,2024-12-20,67678000000,10-K,StockholdersEquityIncludingPortionAttributableToNoncontrollingInterest
AVGO,2025-02-02,2025-03-12,69789000000,10-Q,StockholdersEquityIncludingPortionAttributableToNoncontrollingInterest
AVGO,2025-05-04,2025-06-11,69586000000,10-Q,StockholdersEquityIncludingPortionAttributableToNoncontrollingInterest
AVGO,2025-08-03,2025-09-10,73277000000,10-Q,StockholdersEquityIncludingPortionAttributableToNoncontrollingInterest
AVGO,2025-11-02,2025-12-18,81292000000,10-K,StockholdersEquityIncludingPortionAttributableToNoncontrollingInterest
AVGO,2026-02-01,2026-03-11,79872000000,10-Q,StockholdersEquityIncludingPortionAttributableToNoncontrollingInterest
AVGO,2026-05-03,2026-06-09,87691000000,10-Q,StockholdersEquityIncludingPortionAttributableToNoncontrollingInterest
AVGO,2026-08-02,2026-09-10,99690000000,10-Q,StockholdersEquityIncludingPortionAttributableToNoncontrollingInterest
TSLA,2019-03-31,2019-04-29,5467622000,10-Q,StockholdersEquityIncludingPortionAttributableToNoncontrollingInterest
TSLA,2019-06-30,2019-07-29,6570234000,10-Q,StockholdersEquityIncludingPortionAttributableToNoncontrollingInterest
TSLA,2019-09-30,2019-10-29,6882000000,10-Q,StockholdersEquityIncludingPortionAttributableToNoncontrollingInterest
TSLA,2019-12-31,2020-02-13,7467000000,10-K,StockholdersEquityIncludingPortionAttributableToNoncontrollingInterest
TSLA,2020-03-31,2020-04-30,10040000000,10-Q,StockholdersEquityIncludingPortionAttributableToNoncontrollingInterest
TSLA,2020-06-30,2020-07-28,10724000000,10-Q,StockholdersEquityIncludingPortionAttributableToNoncontrollingInterest
TSLA,2020-09-30,2020-10-26,16892000000,10-Q,StockholdersEquityIncludingPortionAttributableToNoncontrollingInterest
TSLA,2020-12-31,2021-02-08,23075000000,10-K,StockholdersEquityIncludingPortionAttributableToNoncontrollingInterest
TSLA,2021-03-31,2021-04-28,23864000000,10-Q,StockholdersEquityIncludingPortionAttributableToNoncontrollingInterest
TSLA,2021-06-30,2021-07-27,25645000000,10-Q,StockholdersEquityIncludingPortionAttributableToNoncontrollingInterest
TSLA,2021-09-30,2021-10-25,27889000000,10-Q,StockholdersEquityIncludingPortionAttributableToNoncontrollingInterest
TSLA,2021-12-31,2022-02-07,31015000000,10-K,StockholdersEquityIncludingPortionAttributableToNoncontrollingInterest
TSLA,2022-03-31,2022-04-25,34947000000,10-Q,StockholdersEquityIncludingPortionAttributableToNoncontrollingInterest
TSLA,2022-06-30,2022-07-25,37237000000,10-Q,StockholdersEquityIncludingPortionAttributableToNoncontrollingInterest
TSLA,2022-09-30,2022-10-24,40703000000,10-Q,StockholdersEquityIncludingPortionAttributableToNoncontrollingInterest
TSLA,2022-12-31,2023-01-31,45489000000,10-K,StockholdersEquityIncludingPortionAttributableToNoncontrollingInterest
TSLA,2023-03-31,2023-04-24,48828000000,10-Q,StockholdersEquityIncludingPortionAttributableToNoncontrollingInterest
TSLA,2023-06-30,2023-07-24,51894000000,10-Q,StockholdersEquityIncludingPortionAttributableToNoncontrollingInterest
TSLA,2023-09-30,2023-10-23,54218000000,10-Q,StockholdersEquityIncludingPortionAttributableToNoncontrollingInterest
TSLA,2023-12-31,2024-01-29,63367000000,10-K,StockholdersEquityIncludingPortionAttributableToNoncontrollingInterest
TSLA,2024-03-31,2024-04-24,65107000000,10-Q,StockholdersEquityIncludingPortionAttributableToNoncontrollingInterest
TSLA,2024-06-30,2024-07-24,67191000000,10-Q,StockholdersEquityIncludingPortionAttributableToNoncontrollingInterest
TSLA,2024-09-30,2024-10-24,70640000000,10-Q,StockholdersEquityIncludingPortionAttributableToNoncontrollingInterest
TSLA,2024-12-31,2025-01-30,73617000000,10-K,StockholdersEquityIncludingPortionAttributableToNoncontrollingInterest
TSLA,2025-03-31,2025-04-23,75356000000,10-Q,StockholdersEquityIncludingPortionAttributableToNoncontrollingInterest
TSLA,2025-06-30,2025-07-24,78011000000,10-Q,StockholdersEquityIncludingPortionAttributableToNoncontrollingInterest
TSLA,2025-09-30,2025-10-23,80657000000,10-Q,StockholdersEquityIncludingPortionAttributableToNoncontrollingInterest
TSLA,2025-12-31,2026-01-29,82807000000,10-K,StockholdersEquityIncludingPortionAttributableToNoncontrollingInterest
TSLA,2026-03-31,2026-04-23,84745000000,10-Q,StockholdersEquityIncludingPortionAttributableToNoncontrollingInterest
TSLA,2026-06-30,2026-07-23,87465000000,10-Q,StockholdersEquityIncludingPortionAttributableToNoncontrollingInterest
MU,2019-02-28,2019-03-21,34567000000,10-Q,StockholdersEquity
MU,2019-05-30,2019-06-26,35323000000,10-Q,StockholdersEquity
MU,2019-08-29,2019-10-17,35881000000,10-K,StockholdersEquity
MU,2019-11-28,2019-12-20,36500000000,10-Q,StockholdersEquity
MU,2020-02-27,2020-03-26,37023000000,10-Q,StockholdersEquity
MU,2020-05-28,2020-06-29,37820000000,10-Q,StockholdersEquity
MU,2020-09-03,2020-10-19,38996000000,10-K,StockholdersEquity
MU,2020-12-03,2021-01-08,39907000000,10-Q,StockholdersEquity
MU,2021-03-04,2021-04-01,40663000000,10-Q,StockholdersEquity
MU,2021-06-03,2021-07-01,42259000000,10-Q,StockholdersEquity
MU,2021-09-02,2021-10-08,43933000000,10-K,StockholdersEquity
MU,2021-12-02,2022-01-06,45908000000,10-Q,StockholdersEquity
MU,2022-03-03,2022-03-30,47845000000,10-Q,StockholdersEquity
MU,2022-06-02,2022-07-01,49281000000,10-Q,StockholdersEquity
MU,2022-09-01,2022-10-07,49907000000,10-K,StockholdersEquity
MU,2022-12-01,2022-12-22,49306000000,10-Q,StockholdersEquity
MU,2023-03-02,2023-03-29,47257000000,10-Q,StockholdersEquity
MU,2023-06-01,2023-06-29,45405000000,10-Q,StockholdersEquity
MU,2023-08-31,2023-10-06,44120000000,10-K,StockholdersEquity
MU,2023-11-30,2023-12-21,42885000000,10-Q,StockholdersEquity
MU,2024-02-29,2024-03-21,43870000000,10-Q,StockholdersEquity
MU,2024-05-30,2024-06-27,44225000000,10-Q,StockholdersEquity
MU,2024-08-29,2024-10-04,45131000000,10-K,StockholdersEquity
MU,2024-11-28,2024-12-19,46797000000,10-Q,StockholdersEquity
MU,2025-02-27,2025-03-21,48633000000,10-Q,StockholdersEquity
MU,2025-05-29,2025-06-26,50748000000,10-Q,StockholdersEquity
MU,2025-08-28,2025-10-03,54165000000,10-K,StockholdersEquity
MU,2025-11-27,2025-12-18,58806000000,10-Q,StockholdersEquity
MU,2026-02-26,2026-03-19,72459000000,10-Q,StockholdersEquity
MU,2026-05-28,2026-06-25,100724000000,10-Q,StockholdersEquity
BRK-B,2019-03-31,2019-05-06,372591000000,10-Q,StockholdersEquityIncludingPortionAttributableToNoncontrollingInterest
BRK-B,2019-06-30,2019-08-05,386391000000,10-Q,StockholdersEquityIncludingPortionAttributableToNoncontrollingInterest
BRK-B,2019-09-30,2019-11-04,401558000000,10-Q,StockholdersEquityIncludingPortionAttributableToNoncontrollingInterest
BRK-B,2019-12-31,2020-02-24,428563000000,10-K,StockholdersEquityIncludingPortionAttributableToNoncontrollingInterest
BRK-B,2020-03-31,2020-05-04,375235000000,10-Q,StockholdersEquityIncludingPortionAttributableToNoncontrollingInterest
BRK-B,2020-06-30,2020-08-10,397253000000,10-Q,StockholdersEquityIncludingPortionAttributableToNoncontrollingInterest
BRK-B,2020-09-30,2020-11-09,419215000000,10-Q,StockholdersEquityIncludingPortionAttributableToNoncontrollingInterest
BRK-B,2020-12-31,2021-03-01,451336000000,10-K,StockholdersEquityIncludingPortionAttributableToNoncontrollingInterest
BRK-B,2021-03-31,2021-05-03,456176000000,10-Q,StockholdersEquityIncludingPortionAttributableToNoncontrollingInterest
BRK-B,2021-06-30,2021-08-09,478800000000,10-Q,StockholdersEquityIncludingPortionAttributableToNoncontrollingInterest
BRK-B,2021-09-30,2021-11-08,481075000000,10-Q,StockholdersEquityIncludingPortionAttributableToNoncontrollingInterest
BRK-B,2021-12-31,2022-02-28,514930000000,10-K,StockholdersEquityIncludingPortionAttributableToNoncontrollingInterest
BRK-B,2022-03-31,2022-05-02,516865000000,10-Q,StockholdersEquityIncludingPortionAttributableToNoncontrollingInterest
BRK-B,2022-06-30,2022-08-08,469653000000,10-Q,StockholdersEquityIncludingPortionAttributableToNoncontrollingInterest
BRK-B,2022-09-30,2022-11-07,463747000000,10-Q,StockholdersEquityIncludingPortionAttributableToNoncontrollingInterest
BRK-B,2022-12-31,2023-02-27,480617000000,10-K,StockholdersEquityIncludingPortionAttributableToNoncontrollingInterest
BRK-B,2023-03-31,2023-05-08,513077000000,10-Q,StockholdersEquityIncludingPortionAttributableToNoncontrollingInterest
BRK-B,2023-06-30,2023-08-07,548551000000,10-Q,StockholdersEquityIncludingPortionAttributableToNoncontrollingInterest
BRK-B,2023-09-30,2023-11-06,531497000000,10-Q,StockholdersEquityIncludingPortionAttributableToNoncontrollingInterest
BRK-B,2023-12-31,2024-02-26,567509000000,10-K,StockholdersEquityIncludingPortionAttributableToNoncontrollingInterest
BRK-B,2024-03-31,2024-05-06,577785000000,10-Q,StockholdersEquityIncludingPortionAttributableToNoncontrollingInterest
BRK-B,2024-06-30,2024-08-05,607971000000,10-Q,StockholdersEquityIncludingPortionAttributableToNoncontrollingInterest
BRK-B,2024-09-30,2024-11-04,631806000000,10-Q,StockholdersEquityIncludingPortionAttributableToNoncontrollingInterest
BRK-B,2024-12-31,2025-02-24,651655000000,10-K,StockholdersEquityIncludingPortionAttributableToNoncontrollingInterest
BRK-B,2025-03-31,2025-05-05,656742000000,10-Q,StockholdersEquityIncludingPortionAttributableToNoncontrollingInterest
BRK-B,2025-06-30,2025-08-04,670276000000,10-Q,StockholdersEquityIncludingPortionAttributableToNoncontrollingInterest
BRK-B,2025-09-30,2025-11-03,700441000000,10-Q,StockholdersEquityIncludingPortionAttributableToNoncontrollingInterest
BRK-B,2025-12-31,2026-03-02,719703000000,10-K,StockholdersEquityIncludingPortionAttributableToNoncontrollingInterest
BRK-B,2026-03-31,2026-05-04,729450000000,10-Q,StockholdersEquityIncludingPortionAttributableToNoncontrollingInterest
BRK-B,2026-06-30,2026-08-10,750177000000,10-Q,StockholdersEquityIncludingPortionAttributableToNoncontrollingInterest
LLY,2019-03-31,2019-05-02,2565000000,10-Q,StockholdersEquityIncludingPortionAttributableToNoncontrollingInterest
LLY,2019-06-30,2019-08-02,2857300000,10-Q,StockholdersEquityIncludingPortionAttributableToNoncontrollingInterest
LLY,2019-09-30,2019-10-25,3462300000,10-Q,StockholdersEquityIncludingPortionAttributableToNoncontrollingInterest
LLY,2019-12-31,2020-02-19,2699100000,10-K,StockholdersEquityIncludingPortionAttributableToNoncontrollingInterest
LLY,2020-03-31,2020-05-01,3197200000,10-Q,StockholdersEquityIncludingPortionAttributableToNoncontrollingInterest
LLY,2020-06-30,2020-07-31,4272000000,10-Q,StockholdersEquityIncludingPortionAttributableToNoncontrollingInterest
LLY,2020-09-30,2020-10-28,4996000000,10-Q,StockholdersEquityIncludingPortionAttributableToNoncontrollingInterest
LLY,2020-12-31,2021-02-17,5825200000,10-K,StockholdersEquityIncludingPortionAttributableToNoncontrollingInterest
LLY,2021-03-31,2021-04-30,7099300000,10-Q,StockholdersEquityIncludingPortionAttributableToNoncontrollingInterest
LLY,2021-06-30,2021-08-03,6663500000,10-Q,StockholdersEquityIncludingPortionAttributableToNoncontrollingInterest
LLY,2021-09-30,2021-10-27,7954100000,10-Q,StockholdersEquityIncludingPortionAttributableToNoncontrollingInterest
LLY,2021-12-31,2022-02-23,9154800000,10-K,StockholdersEquityIncludingPortionAttributableToNoncontrollingInterest
LLY,2022-03-31,2022-04-29,9462000000,10-Q,StockholdersEquityIncludingPortionAttributableToNoncontrollingInterest
LLY,2022-06-30,2022-08-04,8659200000,10-Q,StockholdersEquityIncludingPortionAttributableToNoncontrollingInterest
LLY,2022-09-30,2022-11-01,10165900000,10-Q,StockholdersEquityIncludingPortionAttributableToNoncontrollingInterest
LLY,2022-12-31,2023-02-22,10775400000,10-K,StockholdersEquityIncludingPortionAttributableToNoncontrollingInterest
LLY,2023-03-31,2023-04-27,11294900000,10-Q,StockholdersEquityIncludingPortionAttributableToNoncontrollingInterest
LLY,2023-06-30,2023-08-08,11149300000,10-Q,StockholdersEquityIncludingPortionAttributableToNoncontrollingInterest
LLY,2023-09-30,2023-11-02,11307400000,10-Q,StockholdersEquityIncludingPortionAttributableToNoncontrollingInterest
LLY,2023-12-31,2024-02-21,10863700000,10-K,StockholdersEquityIncludingPortionAttributableToNoncontrollingInterest
LLY,2024-03-31,2024-04-30,12897400000,10-Q,StockholdersEquityIncludingPortionAttributableToNoncontrollingInterest
LLY,2024-06-30,2024-08-08,13635500000,10-Q,StockholdersEquityIncludingPortionAttributableToNoncontrollingInterest
LLY,2024-09-30,2024-10-30,14320700000,10-Q,StockholdersEquityIncludingPortionAttributableToNoncontrollingInterest
LLY,2024-12-31,2025-02-19,14271600000,10-K,StockholdersEquityIncludingPortionAttributableToNoncontrollingInterest
LLY,2025-03-31,2025-05-01,15846800000,10-Q,StockholdersEquityIncludingPortionAttributableToNoncontrollingInterest
LLY,2025-06-30,2025-08-07,18349100000,10-Q,StockholdersEquityIncludingPortionAttributableToNoncontrollingInterest
LLY,2025-09-30,2025-10-30,23850800000,10-Q,StockholdersEquityIncludingPortionAttributableToNoncontrollingInterest
AMD,2019-03-30,2019-05-01,1788000000,10-Q,StockholdersEquity
AMD,2019-06-29,2019-07-31,1901000000,10-Q,StockholdersEquity
AMD,2019-09-28,2019-10-30,2176000000,10-Q,StockholdersEquity
AMD,2019-12-28,2020-02-04,2827000000,10-K,StockholdersEquity
AMD,2020-03-28,2020-04-29,3037000000,10-Q,StockholdersEquity
AMD,2020-06-27,2020-07-29,3305000000,10-Q,StockholdersEquity
AMD,2020-09-26,2020-10-28,3867000000,10-Q,StockholdersEquity
AMD,2020-12-26,2021-01-29,5837000000,10-K,StockholdersEquity
AMD,2021-03-27,2021-04-28,6477000000,10-Q,StockholdersEquity
AMD,2021-06-26,2021-07-28,7065000000,10-Q,StockholdersEquity
AMD,2021-09-25,2021-10-27,7136000000,10-Q,StockholdersEquity
AMD,2021-12-25,2022-02-03,7497000000,10-K,StockholdersEquity
AMD,2022-03-26,2022-05-04,55333000000,10-Q,StockholdersEquity
AMD,2022-06-25,2022-08-03,55169000000,10-Q,StockholdersEquity
AMD,2022-09-24,2022-11-02,54542000000,10-Q,StockholdersEquity
AMD,2022-12-31,2023-02-27,54750000000,10-K,StockholdersEquity
AMD,2023-04-01,2023-05-03,54694000000,10-Q,StockholdersEquity
AMD,2023-07-01,2023-08-02,55136000000,10-Q,StockholdersEquity
AMD,2023-09-30,2023-11-01,54970000000,10-Q,StockholdersEquity
AMD,2023-12-30,2024-01-31,55892000000,10-K,StockholdersEquity
AMD,2024-03-30,2024-05-01,56198000000,10-Q,StockholdersEquity
AMD,2024-06-29,2024-07-31,56538000000,10-Q,StockholdersEquity
AMD,2024-09-28,2024-10-30,56985000000,10-Q,StockholdersEquity
AMD,2024-12-28,2025-02-05,57568000000,10-K,StockholdersEquity
AMD,2025-03-29,2025-05-07,57881000000,10-Q,StockholdersEquity
AMD,2025-06-28,2025-08-06,59665000000,10-Q,StockholdersEquity
AMD,2025-09-27,2025-11-05,60790000000,10-Q,StockholdersEquity
AMD,2025-12-27,2026-02-04,62999000000,10-K,StockholdersEquity
AMD,2026-03-28,2026-05-06,64462000000,10-Q,StockholdersEquity
AMD,2026-06-27,2026-08-05,67224000000,10-Q,StockholdersEquity
JPM,2019-03-31,2019-05-02,259837000000,10-Q,StockholdersEquity
JPM,2019-06-30,2019-08-06,263215000000,10-Q,StockholdersEquity
JPM,2019-09-30,2019-11-04,264348000000,10-Q,StockholdersEquity
JPM,2019-12-31,2020-02-25,261330000000,10-K,StockholdersEquity
JPM,2020-03-31,2020-05-07,261262000000,10-Q,StockholdersEquity
JPM,2020-06-30,2020-08-03,264466000000,10-Q,StockholdersEquity
JPM,2020-09-30,2020-11-02,271113000000,10-Q,StockholdersEquity
JPM,2020-12-31,2021-02-23,279354000000,10-K,StockholdersEquity
JPM,2021-03-31,2021-05-04,280714000000,10-Q,StockholdersEquity
JPM,2021-06-30,2021-08-02,286386000000,10-Q,StockholdersEquity
JPM,2021-09-30,2021-11-02,290041000000,10-Q,StockholdersEquity
JPM,2021-12-31,2022-02-22,294127000000,10-K,StockholdersEquity
JPM,2022-03-31,2022-05-03,285899000000,10-Q,StockholdersEquity
JPM,2022-06-30,2022-08-03,286143000000,10-Q,StockholdersEquity
JPM,2022-09-30,2022-11-03,288018000000,10-Q,StockholdersEquity
JPM,2022-12-31,2023-02-21,292332000000,10-K,StockholdersEquity
JPM,2023-03-31,2023-05-03,303082000000,10-Q,StockholdersEquity
JPM,2023-06-30,2023-08-03,312516000000,10-Q,StockholdersEquity
JPM,2023-09-30,2023-11-01,317371000000,10-Q,StockholdersEquity
JPM,2023-12-31,2024-02-16,327878000000,10-K,StockholdersEquity
JPM,2024-03-31,2024-05-01,336637000000,10-Q,StockholdersEquity
JPM,2024-06-30,2024-08-02,340552000000,10-Q,StockholdersEquity
JPM,2024-09-30,2024-10-30,345836000000,10-Q,StockholdersEquity
JPM,2024-12-31,2025-02-14,344758000000,10-K,StockholdersEquity
JPM,2025-03-31,2025-05-01,351420000000,10-Q,StockholdersEquity
JPM,2025-06-30,2025-08-05,356924000000,10-Q,StockholdersEquity
JPM,2025-09-30,2025-11-04,360212000000,10-Q,StockholdersEquity
JPM,2025-12-31,2026-02-13,362438000000,10-K,StockholdersEquity
JPM,2026-03-31,2026-05-01,364038000000,10-Q,StockholdersEquity
JPM,2026-06-30,2026-08-06,374598000000,10-Q,StockholdersEquity
WMT,2019-01-31,2019-03-28,79634000000,10-K,StockholdersEquityIncludingPortionAttributableToNoncontrollingInterest
WMT,2019-04-30,2019-06-07,74910000000,10-Q,StockholdersEquityIncludingPortionAttributableToNoncontrollingInterest
WMT,2019-07-31,2019-09-06,77131000000,10-Q,StockholdersEquityIncludingPortionAttributableToNoncontrollingInterest
WMT,2019-10-31,2019-12-04,78307000000,10-Q,StockholdersEquityIncludingPortionAttributableToNoncontrollingInterest
WMT,2020-01-31,2020-03-20,81552000000,10-K,StockholdersEquityIncludingPortionAttributableToNoncontrollingInterest
WMT,2020-04-30,2020-06-03,74110000000,10-Q,StockholdersEquityIncludingPortionAttributableToNoncontrollingInterest
WMT,2020-07-31,2020-09-02,81197000000,10-Q,StockholdersEquityIncludingPortionAttributableToNoncontrollingInterest
WMT,2020-10-31,2020-12-02,87504000000,10-Q,StockholdersEquityIncludingPortionAttributableToNoncontrollingInterest
WMT,2021-01-31,2021-03-19,87531000000,10-K,StockholdersEquityIncludingPortionAttributableToNoncontrollingInterest
WMT,2021-04-30,2021-06-04,84592000000,10-Q,StockholdersEquityIncludingPortionAttributableToNoncontrollingInterest
WMT,2021-07-31,2021-09-02,87127000000,10-Q,StockholdersEquityIncludingPortionAttributableToNoncontrollingInterest
WMT,2021-10-31,2021-12-01,90757000000,10-Q,StockholdersEquityIncludingPortionAttributableToNoncontrollingInterest
WMT,2022-01-31,2022-03-18,91891000000,10-K,StockholdersEquityIncludingPortionAttributableToNoncontrollingInterest
WMT,2022-04-30,2022-06-03,85600000000,10-Q,StockholdersEquityIncludingPortionAttributableToNoncontrollingInterest
WMT,2022-07-31,2022-09-02,85587000000,10-Q,StockholdersEquityIncludingPortionAttributableToNoncontrollingInterest
WMT,2022-10-31,2022-12-01,80123000000,10-Q,StockholdersEquityIncludingPortionAttributableToNoncontrollingInterest
WMT,2023-01-31,2023-03-17,83754000000,10-K,StockholdersEquityIncludingPortionAttributableToNoncontrollingInterest
WMT,2023-04-30,2023-06-02,79231000000,10-Q,StockholdersEquityIncludingPortionAttributableToNoncontrollingInterest
WMT,2023-07-31,2023-09-01,85327000000,10-Q,StockholdersEquityIncludingPortionAttributableToNoncontrollingInterest
WMT,2023-10-31,2023-11-30,85583000000,10-Q,StockholdersEquityIncludingPortionAttributableToNoncontrollingInterest
WMT,2024-01-31,2024-03-15,90349000000,10-K,StockholdersEquityIncludingPortionAttributableToNoncontrollingInterest
WMT,2024-04-30,2024-06-07,88073000000,10-Q,StockholdersEquityIncludingPortionAttributableToNoncontrollingInterest
WMT,2024-07-31,2024-08-30,90565000000,10-Q,StockholdersEquityIncludingPortionAttributableToNoncontrollingInterest
WMT,2024-10-31,2024-12-06,94276000000,10-Q,StockholdersEquityIncludingPortionAttributableToNoncontrollingInterest
WMT,2025-01-31,2025-03-14,97421000000,10-K,StockholdersEquityIncludingPortionAttributableToNoncontrollingInterest
WMT,2025-04-30,2025-06-06,90341000000,10-Q,StockholdersEquityIncludingPortionAttributableToNoncontrollingInterest
WMT,2025-07-31,2025-08-29,96550000000,10-Q,StockholdersEquityIncludingPortionAttributableToNoncontrollingInterest
WMT,2025-10-31,2025-12-03,102206000000,10-Q,StockholdersEquityIncludingPortionAttributableToNoncontrollingInterest
WMT,2026-01-31,2026-03-13,105887000000,10-K,StockholdersEquityIncludingPortionAttributableToNoncontrollingInterest
WMT,2026-04-30,2026-05-29,100682000000,10-Q,StockholdersEquityIncludingPortionAttributableToNoncontrollingInterest
WMT,2026-07-31,2026-08-28,104506000000,10-Q,StockholdersEquityIncludingPortionAttributableToNoncontrollingInterest
V,2019-03-31,2019-04-26,34275000000,10-Q,StockholdersEquityIncludingPortionAttributableToNoncontrollingInterest
V,2019-06-30,2019-07-26,34995000000,10-Q,StockholdersEquityIncludingPortionAttributableToNoncontrollingInterest
V,2019-09-30,2019-11-14,34684000000,10-K,StockholdersEquityIncludingPortionAttributableToNoncontrollingInterest
V,2019-12-31,2020-01-31,35270000000,10-Q,StockholdersEquityIncludingPortionAttributableToNoncontrollingInterest
V,2020-03-31,2020-05-04,34585000000,10-Q,StockholdersEquityIncludingPortionAttributableToNoncontrollingInterest
V,2020-06-30,2020-07-31,35524000000,10-Q,StockholdersEquityIncludingPortionAttributableToNoncontrollingInterest
V,2020-09-30,2020-11-19,36210000000,10-K,StockholdersEquityIncludingPortionAttributableToNoncontrollingInterest
V,2020-12-31,2021-01-29,37679000000,10-Q,StockholdersEquityIncludingPortionAttributableToNoncontrollingInterest
V,2021-03-31,2021-04-29,37696000000,10-Q,StockholdersEquityIncludingPortionAttributableToNoncontrollingInterest
V,2021-06-30,2021-07-29,37790000000,10-Q,StockholdersEquityIncludingPortionAttributableToNoncontrollingInterest
V,2021-09-30,2021-11-18,37589000000,10-K,StockholdersEquityIncludingPortionAttributableToNoncontrollingInterest
V,2021-12-31,2022-01-28,36194000000,10-Q,StockholdersEquityIncludingPortionAttributableToNoncontrollingInterest
V,2022-03-31,2022-04-28,35989000000,10-Q,StockholdersEquityIncludingPortionAttributableToNoncontrollingInterest
V,2022-06-30,2022-07-28,35483000000,10-Q,StockholdersEquityIncludingPortionAttributableToNoncontrollingInterest
V,2022-09-30,2022-11-16,35581000000,10-K,StockholdersEquityIncludingPortionAttributableToNoncontrollingInterest
V,2022-12-31,2023-01-27,36924000000,10-Q,StockholdersEquityIncludingPortionAttributableToNoncontrollingInterest
V,2023-03-31,2023-04-27,38565000000,10-Q,StockholdersEquityIncludingPortionAttributableToNoncontrollingInterest
V,2023-06-30,2023-07-26,38981000000,10-Q,StockholdersEquityIncludingPortionAttributableToNoncontrollingInterest
V,2023-09-30,2023-11-15,38733000000,10-K,StockholdersEquityIncludingPortionAttributableToNoncontrollingInterest
V,2023-12-31,2024-01-26,39733000000,10-Q,StockholdersEquityIncludingPortionAttributableToNoncontrollingInterest
V,2024-03-31,2024-04-24,40485000000,10-Q,StockholdersEquityIncludingPortionAttributableToNoncontrollingInterest
V,2024-06-30,2024-07-24,39729000000,10-Q,StockholdersEquityIncludingPortionAttributableToNoncontrollingInterest
V,2024-09-30,2024-11-13,39137000000,10-K,StockholdersEquityIncludingPortionAttributableToNoncontrollingInterest
V,2024-12-31,2025-01-31,38296000000,10-Q,StockholdersEquityIncludingPortionAttributableToNoncontrollingInterest
V,2025-03-31,2025-04-30,38030000000,10-Q,StockholdersEquityIncludingPortionAttributableToNoncontrollingInterest
V,2025-06-30,2025-07-30,38664000000,10-Q,StockholdersEquityIncludingPortionAttributableToNoncontrollingInterest
V,2025-09-30,2025-11-06,37909000000,10-K,StockholdersEquityIncludingPortionAttributableToNoncontrollingInterest
V,2025-12-31,2026-01-30,38777000000,10-Q,StockholdersEquityIncludingPortionAttributableToNoncontrollingInterest
V,2026-03-31,2026-04-29,35661000000,10-Q,StockholdersEquityIncludingPortionAttributableToNoncontrollingInterest
INTC,2019-03-30,2019-04-26,73661000000,10-Q,StockholdersEquity
INTC,2019-06-29,2019-07-26,74947000000,10-Q,StockholdersEquity
INTC,2019-09-28,2019-10-25,74242000000,10-Q,StockholdersEquity
INTC,2019-12-28,2020-01-24,77504000000,10-K,StockholdersEquity
INTC,2020-03-28,2020-04-24,76354000000,10-Q,StockholdersEquity
INTC,2020-06-27,2020-07-24,82010000000,10-Q,StockholdersEquity
INTC,2020-09-26,2020-10-23,74554000000,10-Q,StockholdersEquity
INTC,2020-12-26,2021-01-22,81038000000,10-K,StockholdersEquity
INTC,2021-03-27,2021-04-23,79807000000,10-Q,StockholdersEquity
INTC,2021-06-26,2021-07-23,85207000000,10-Q,StockholdersEquity
INTC,2021-09-25,2021-10-22,90087000000,10-Q,StockholdersEquity
INTC,2021-12-25,2022-01-27,95391000000,10-K,StockholdersEquity
INTC,2022-04-02,2022-04-29,103136000000,10-Q,StockholdersEquity
INTC,2022-07-02,2022-07-29,101218000000,10-Q,StockholdersEquity
INTC,2022-10-01,2022-10-28,99885000000,10-Q,StockholdersEquity
INTC,2022-12-31,2023-01-27,101423000000,10-K,StockholdersEquity
INTC,2023-04-01,2023-04-28,98059000000,10-Q,StockholdersEquity
INTC,2023-07-01,2023-07-28,101017000000,10-Q,StockholdersEquity
INTC,2023-09-30,2023-10-27,101813000000,10-Q,StockholdersEquity
INTC,2023-12-30,2024-01-26,105590000000,10-K,StockholdersEquity
INTC,2024-03-30,2024-04-26,105973000000,10-Q,StockholdersEquity
INTC,2024-06-29,2024-08-02,115229000000,10-Q,StockholdersEquity
INTC,2024-09-28,2024-11-01,99532000000,10-Q,StockholdersEquity
INTC,2024-12-28,2025-01-31,99270000000,10-K,StockholdersEquity
INTC,2025-03-29,2025-04-25,99756000000,10-Q,StockholdersEquity
INTC,2025-06-28,2025-07-24,97883000000,10-Q,StockholdersEquity
INTC,2025-09-27,2025-11-06,106376000000,10-Q,StockholdersEquity
INTC,2025-12-27,2026-01-23,114281000000,10-K,StockholdersEquity
INTC,2026-03-28,2026-04-24,111394000000,10-Q,StockholdersEquity
INTC,2026-06-27,2026-07-24,87542000000,10-Q,StockholdersEquity
JNJ,2019-03-31,2019-05-01,58955000000,10-Q,StockholdersEquityIncludingPortionAttributableToNoncontrollingInterest
JNJ,2019-06-30,2019-07-29,60785000000,10-Q,StockholdersEquityIncludingPortionAttributableToNoncontrollingInterest
JNJ,2019-09-29,2019-10-28,58210000000,10-Q,StockholdersEquityIncludingPortionAttributableToNoncontrollingInterest
JNJ,2019-12-29,2020-02-18,59471000000,10-K,StockholdersEquityIncludingPortionAttributableToNoncontrollingInterest
JNJ,2020-03-29,2020-04-29,61294000000,10-Q,StockholdersEquityIncludingPortionAttributableToNoncontrollingInterest
JNJ,2020-06-28,2020-07-24,62978000000,10-Q,StockholdersEquityIncludingPortionAttributableToNoncontrollingInterest
JNJ,2020-09-27,2020-10-23,64473000000,10-Q,StockholdersEquityIncludingPortionAttributableToNoncontrollingInterest
JNJ,2021-01-03,2021-02-22,63278000000,10-K,StockholdersEquityIncludingPortionAttributableToNoncontrollingInterest
JNJ,2021-04-04,2021-04-30,65834000000,10-Q,StockholdersEquityIncludingPortionAttributableToNoncontrollingInterest
JNJ,2021-07-04,2021-07-29,69580000000,10-Q,StockholdersEquityIncludingPortionAttributableToNoncontrollingInterest
JNJ,2021-10-03,2021-10-29,70272000000,10-Q,StockholdersEquityIncludingPortionAttributableToNoncontrollingInterest
JNJ,2022-01-02,2022-02-17,74023000000,10-K,StockholdersEquityIncludingPortionAttributableToNoncontrollingInterest
JNJ,2022-04-03,2022-04-29,74709000000,10-Q,StockholdersEquityIncludingPortionAttributableToNoncontrollingInterest
JNJ,2022-07-03,2022-07-29,76357000000,10-Q,StockholdersEquityIncludingPortionAttributableToNoncontrollingInterest
JNJ,2022-10-02,2022-10-27,74599000000,10-Q,StockholdersEquityIncludingPortionAttributableToNoncontrollingInterest
JNJ,2023-01-01,2023-02-16,76804000000,10-K,StockholdersEquityIncludingPortionAttributableToNoncontrollingInterest
JNJ,2023-04-02,2023-04-28,70869000000,10-Q,StockholdersEquityIncludingPortionAttributableToNoncontrollingInterest
JNJ,2023-07-02,2023-07-31,76409000000,10-Q,StockholdersEquityIncludingPortionAttributableToNoncontrollingInterest
JNJ,2023-10-01,2023-10-27,71228000000,10-Q,StockholdersEquityIncludingPortionAttributableToNoncontrollingInterest
JNJ,2023-12-31,2024-02-16,68774000000,10-K,StockholdersEquityIncludingPortionAttributableToNoncontrollingInterest
JNJ,2024-03-31,2024-05-01,70020000000,10-Q,StockholdersEquityIncludingPortionAttributableToNoncontrollingInterest
JNJ,2024-06-30,2024-07-25,71538000000,10-Q,StockholdersEquityIncludingPortionAttributableToNoncontrollingInterest
JNJ,2024-09-29,2024-10-23,70158000000,10-Q,StockholdersEquityIncludingPortionAttributableToNoncontrollingInterest
JNJ,2024-12-29,2025-02-13,71490000000,10-K,StockholdersEquityIncludingPortionAttributableToNoncontrollingInterest
JNJ,2025-03-30,2025-04-23,78109000000,10-Q,StockholdersEquityIncludingPortionAttributableToNoncontrollingInterest
JNJ,2025-06-29,2025-07-24,78473000000,10-Q,StockholdersEquityIncludingPortionAttributableToNoncontrollingInterest
JNJ,2025-09-28,2025-10-22,79277000000,10-Q,StockholdersEquityIncludingPortionAttributableToNoncontrollingInterest
JNJ,2025-12-28,2026-02-11,81544000000,10-K,StockholdersEquityIncludingPortionAttributableToNoncontrollingInterest
JNJ,2026-03-29,2026-04-22,81186000000,10-Q,StockholdersEquityIncludingPortionAttributableToNoncontrollingInterest
JNJ,2026-06-28,2026-07-23,84971000000,10-Q,StockholdersEquityIncludingPortionAttributableToNoncontrollingInterest
MA,2019-03-31,2019-04-30,5190000000,10-Q,StockholdersEquityIncludingPortionAttributableToNoncontrollingInterest
MA,2019-06-30,2019-07-30,5035000000,10-Q,StockholdersEquityIncludingPortionAttributableToNoncontrollingInterest
MA,2019-09-30,2019-10-29,4975000000,10-Q,StockholdersEquityIncludingPortionAttributableToNoncontrollingInterest
MA,2019-12-31,2020-02-14,5917000000,10-K,StockholdersEquityIncludingPortionAttributableToNoncontrollingInterest
MA,2020-03-31,2020-04-29,5423000000,10-Q,StockholdersEquityIncludingPortionAttributableToNoncontrollingInterest
MA,2020-06-30,2020-07-30,6498000000,10-Q,StockholdersEquityIncludingPortionAttributableToNoncontrollingInterest
MA,2020-09-30,2020-10-28,5856000000,10-Q,StockholdersEquityIncludingPortionAttributableToNoncontrollingInterest
MA,2020-12-31,2021-02-12,6488000000,10-K,StockholdersEquityIncludingPortionAttributableToNoncontrollingInterest
MA,2021-03-31,2021-04-29,6425000000,10-Q,StockholdersEquityIncludingPortionAttributableToNoncontrollingInterest
MA,2021-06-30,2021-07-29,6540000000,10-Q,StockholdersEquityIncludingPortionAttributableToNoncontrollingInterest
MA,2021-09-30,2021-10-28,6773000000,10-Q,StockholdersEquityIncludingPortionAttributableToNoncontrollingInterest
MA,2021-12-31,2022-02-11,7383000000,10-K,StockholdersEquityIncludingPortionAttributableToNoncontrollingInterest
MA,2022-03-31,2022-04-28,7102000000,10-Q,StockholdersEquityIncludingPortionAttributableToNoncontrollingInterest
MA,2022-06-30,2022-07-28,6236000000,10-Q,StockholdersEquityIncludingPortionAttributableToNoncontrollingInterest
MA,2022-09-30,2022-10-27,6423000000,10-Q,StockholdersEquityIncludingPortionAttributableToNoncontrollingInterest
MA,2022-12-31,2023-02-14,6356000000,10-K,StockholdersEquityIncludingPortionAttributableToNoncontrollingInterest
MA,2023-03-31,2023-04-27,5386000000,10-Q,StockholdersEquityIncludingPortionAttributableToNoncontrollingInterest
MA,2023-06-30,2023-07-27,5557000000,10-Q,StockholdersEquityIncludingPortionAttributableToNoncontrollingInterest
MA,2023-09-30,2023-10-26,6360000000,10-Q,StockholdersEquityIncludingPortionAttributableToNoncontrollingInterest
MA,2023-12-31,2024-02-13,6975000000,10-K,StockholdersEquityIncludingPortionAttributableToNoncontrollingInterest
MA,2024-03-31,2024-05-01,7286000000,10-Q,StockholdersEquityIncludingPortionAttributableToNoncontrollingInterest
MA,2024-06-30,2024-07-31,7460000000,10-Q,StockholdersEquityIncludingPortionAttributableToNoncontrollingInterest
MA,2024-09-30,2024-10-31,7475000000,10-Q,StockholdersEquityIncludingPortionAttributableToNoncontrollingInterest
MA,2024-12-31,2025-02-12,6515000000,10-K,StockholdersEquityIncludingPortionAttributableToNoncontrollingInterest
MA,2025-03-31,2025-05-01,6696000000,10-Q,StockholdersEquityIncludingPortionAttributableToNoncontrollingInterest
MA,2025-06-30,2025-07-31,7874000000,10-Q,StockholdersEquityIncludingPortionAttributableToNoncontrollingInterest
MA,2025-09-30,2025-10-30,7919000000,10-Q,StockholdersEquityIncludingPortionAttributableToNoncontrollingInterest
MA,2025-12-31,2026-02-11,7746000000,10-K,StockholdersEquityIncludingPortionAttributableToNoncontrollingInterest
MA,2026-03-31,2026-04-30,6722000000,10-Q,StockholdersEquityIncludingPortionAttributableToNoncontrollingInterest
MA,2026-06-30,2026-07-30,5606000000,10-Q,StockholdersEquityIncludingPortionAttributableToNoncontrollingInterest
ABBV,2019-03-31,2019-05-03,-7826000000,10-Q,StockholdersEquity
ABBV,2019-06-30,2019-08-05,-8566000000,10-Q,StockholdersEquity
ABBV,2019-09-30,2019-11-06,-8226000000,10-Q,StockholdersEquity
ABBV,2019-12-31,2020-02-21,-8172000000,10-K,StockholdersEquity
ABBV,2020-03-31,2020-05-08,-7415000000,10-Q,StockholdersEquity
ABBV,2020-06-30,2020-08-04,14708000000,10-Q,StockholdersEquity
ABBV,2020-09-30,2020-11-04,15270000000,10-Q,StockholdersEquity
ABBV,2020-12-31,2021-02-19,13076000000,10-K,StockholdersEquity
ABBV,2021-03-31,2021-05-07,13710000000,10-Q,StockholdersEquity
ABBV,2021-06-30,2021-08-02,12569000000,10-Q,StockholdersEquity
ABBV,2021-09-30,2021-11-02,13550000000,10-Q,StockholdersEquity
ABBV,2021-12-31,2022-02-18,15408000000,10-K,StockholdersEquity
ABBV,2022-03-31,2022-05-06,16283000000,10-Q,StockholdersEquity
ABBV,2022-06-30,2022-08-04,14653000000,10-Q,StockholdersEquity
ABBV,2022-09-30,2022-11-04,15994000000,10-Q,StockholdersEquity
ABBV,2022-12-31,2023-02-17,17254000000,10-K,StockholdersEquity
ABBV,2023-03-31,2023-05-05,13274000000,10-Q,StockholdersEquity
ABBV,2023-06-30,2023-08-07,12866000000,10-Q,StockholdersEquity
ABBV,2023-09-30,2023-11-06,12094000000,10-Q,StockholdersEquity
ABBV,2023-12-31,2024-02-20,10360000000,10-K,StockholdersEquity
ABBV,2024-03-31,2024-05-03,8007000000,10-Q,StockholdersEquity
ABBV,2024-06-30,2024-08-07,6778000000,10-Q,StockholdersEquity
ABBV,2024-09-30,2024-11-04,6032000000,10-Q,StockholdersEquity
ABBV,2024-12-31,2025-02-14,3325000000,10-K,StockholdersEquity
ABBV,2025-03-31,2025-05-09,1420000000,10-Q,StockholdersEquity
ABBV,2025-06-30,2025-08-04,-183000000,10-Q,StockholdersEquity
ABBV,2025-09-30,2025-11-04,-2642000000,10-Q,StockholdersEquity
ABBV,2025-12-31,2026-02-20,-3270000000,10-K,StockholdersEquity
ABBV,2026-03-31,2026-05-08,-6656000000,10-Q,StockholdersEquity
ABBV,2026-06-30,2026-08-03,-5935000000,10-Q,StockholdersEquity
ORCL,2019-02-28,2019-03-18,24238000000,10-Q,StockholdersEquityIncludingPortionAttributableToNoncontrollingInterest
ORCL,2019-05-31,2019-06-21,22363000000,10-K,StockholdersEquityIncludingPortionAttributableToNoncontrollingInterest
ORCL,2019-08-31,2019-09-13,19019000000,10-Q,StockholdersEquityIncludingPortionAttributableToNoncontrollingInterest
ORCL,2019-11-30,2019-12-13,16185000000,10-Q,StockholdersEquityIncludingPortionAttributableToNoncontrollingInterest
ORCL,2020-02-29,2020-03-13,14881000000,10-Q,StockholdersEquityIncludingPortionAttributableToNoncontrollingInterest
ORCL,2020-05-31,2020-06-22,12717000000,10-K,StockholdersEquityIncludingPortionAttributableToNoncontrollingInterest
ORCL,2020-08-31,2020-09-15,10140000000,10-Q,StockholdersEquityIncludingPortionAttributableToNoncontrollingInterest
ORCL,2020-11-30,2020-12-11,8616000000,10-Q,StockholdersEquityIncludingPortionAttributableToNoncontrollingInterest
ORCL,2021-02-28,2021-03-11,9637000000,10-Q,StockholdersEquityIncludingPortionAttributableToNoncontrollingInterest
ORCL,2021-05-31,2021-06-21,5952000000,10-K,StockholdersEquityIncludingPortionAttributableToNoncontrollingInterest
ORCL,2021-08-31,2021-09-13,-1130000000,10-Q,StockholdersEquityIncludingPortionAttributableToNoncontrollingInterest
ORCL,2021-11-30,2021-12-10,-9658000000,10-Q,StockholdersEquityIncludingPortionAttributableToNoncontrollingInterest
ORCL,2022-02-28,2022-03-11,-8211000000,10-Q,StockholdersEquityIncludingPortionAttributableToNoncontrollingInterest
ORCL,2022-05-31,2022-06-21,-5768000000,10-K,StockholdersEquityIncludingPortionAttributableToNoncontrollingInterest
ORCL,2022-08-31,2022-09-13,-5449000000,10-Q,StockholdersEquityIncludingPortionAttributableToNoncontrollingInterest
ORCL,2022-11-30,2022-12-13,-3776000000,10-Q,StockholdersEquityIncludingPortionAttributableToNoncontrollingInterest
ORCL,2023-02-28,2023-03-10,-1912000000,10-Q,StockholdersEquityIncludingPortionAttributableToNoncontrollingInterest
ORCL,2023-05-31,2023-06-20,1556000000,10-K,StockholdersEquityIncludingPortionAttributableToNoncontrollingInterest
ORCL,2023-08-31,2023-09-12,2841000000,10-Q,StockholdersEquityIncludingPortionAttributableToNoncontrollingInterest
ORCL,2023-11-30,2023-12-12,4378000000,10-Q,StockholdersEquityIncludingPortionAttributableToNoncontrollingInterest
ORCL,2024-02-29,2024-03-12,6182000000,10-Q,StockholdersEquityIncludingPortionAttributableToNoncontrollingInterest
ORCL,2024-05-31,2024-06-20,9239000000,10-K,StockholdersEquityIncludingPortionAttributableToNoncontrollingInterest
ORCL,2024-08-31,2024-09-10,11269000000,10-Q,StockholdersEquityIncludingPortionAttributableToNoncontrollingInterest
ORCL,2024-11-30,2024-12-10,14236000000,10-Q,StockholdersEquityIncludingPortionAttributableToNoncontrollingInterest
ORCL,2025-02-28,2025-03-11,17261000000,10-Q,StockholdersEquityIncludingPortionAttributableToNoncontrollingInterest
ORCL,2025-05-31,2025-06-18,20969000000,10-K,StockholdersEquityIncludingPortionAttributableToNoncontrollingInterest
ORCL,2025-08-31,2025-09-10,24666000000,10-Q,StockholdersEquityIncludingPortionAttributableToNoncontrollingInterest
ORCL,2025-11-30,2025-12-11,30457000000,10-Q,StockholdersEquityIncludingPortionAttributableToNoncontrollingInterest
ORCL,2026-02-28,2026-03-11,39051000000,10-Q,StockholdersEquityIncludingPortionAttributableToNoncontrollingInterest
ORCL,2026-05-31,2026-06-22,43056000000,10-K,StockholdersEquityIncludingPortionAttributableToNoncontrollingInterest
ORCL,2026-08-31,2026-09-11,67196000000,10-Q,StockholdersEquityIncludingPortionAttributableToNoncontrollingInterest
DIS,2019-03-30,2019-05-08,104339000000,10-Q,StockholdersEquityIncludingPortionAttributableToNoncontrollingInterest
DIS,2019-06-29,2019-08-06,96356000000,10-Q,StockholdersEquityIncludingPortionAttributableToNoncontrollingInterest
DIS,2019-09-28,2019-11-20,93889000000,10-K,StockholdersEquityIncludingPortionAttributableToNoncontrollingInterest
DIS,2019-12-28,2020-02-04,94773000000,10-Q,StockholdersEquityIncludingPortionAttributableToNoncontrollingInterest
DIS,2020-03-28,2020-05-05,94877000000,10-Q,StockholdersEquityIncludingPortionAttributableToNoncontrollingInterest
DIS,2020-06-27,2020-08-04,90463000000,10-Q,StockholdersEquityIncludingPortionAttributableToNoncontrollingInterest
DIS,2020-10-03,2020-11-25,88263000000,10-K,StockholdersEquityIncludingPortionAttributableToNoncontrollingInterest
DIS,2021-01-02,2021-02-11,88728000000,10-Q,StockholdersEquityIncludingPortionAttributableToNoncontrollingInterest
DIS,2021-04-03,2021-05-13,89786000000,10-Q,StockholdersEquityIncludingPortionAttributableToNoncontrollingInterest
DIS,2021-07-03,2021-08-12,91122000000,10-Q,StockholdersEquityIncludingPortionAttributableToNoncontrollingInterest
DIS,2021-10-02,2021-11-24,93011000000,10-K,StockholdersEquityIncludingPortionAttributableToNoncontrollingInterest
DIS,2022-01-01,2022-02-09,94310000000,10-Q,StockholdersEquityIncludingPortionAttributableToNoncontrollingInterest
DIS,2022-04-02,2022-05-11,94659000000,10-Q,StockholdersEquityIncludingPortionAttributableToNoncontrollingInterest
DIS,2022-07-02,2022-08-10,96433000000,10-Q,StockholdersEquityIncludingPortionAttributableToNoncontrollingInterest
DIS,2022-10-01,2022-11-29,98879000000,10-K,StockholdersEquityIncludingPortionAttributableToNoncontrollingInterest
DIS,2022-12-31,2023-02-08,100135000000,10-Q,StockholdersEquityIncludingPortionAttributableToNoncontrollingInterest
DIS,2023-04-01,2023-05-10,101556000000,10-Q,StockholdersEquityIncludingPortionAttributableToNoncontrollingInterest
DIS,2023-07-01,2023-08-09,102056000000,10-Q,StockholdersEquityIncludingPortionAttributableToNoncontrollingInterest
DIS,2023-09-30,2023-11-21,103957000000,10-K,StockholdersEquityIncludingPortionAttributableToNoncontrollingInterest
DIS,2023-12-30,2024-02-07,105501000000,10-Q,StockholdersEquityIncludingPortionAttributableToNoncontrollingInterest
DIS,2024-03-30,2024-05-07,103763000000,10-Q,StockholdersEquityIncludingPortionAttributableToNoncontrollingInterest
DIS,2024-06-29,2024-08-07,105303000000,10-Q,StockholdersEquityIncludingPortionAttributableToNoncontrollingInterest
DIS,2024-09-28,2024-11-14,105522000000,10-K,StockholdersEquityIncludingPortionAttributableToNoncontrollingInterest
DIS,2024-12-28,2025-02-05,106739000000,10-Q,StockholdersEquityIncludingPortionAttributableToNoncontrollingInterest
DIS,2025-03-29,2025-05-07,108766000000,10-Q,StockholdersEquityIncludingPortionAttributableToNoncontrollingInterest
DIS,2025-06-28,2025-08-06,113756000000,10-Q,StockholdersEquityIncludingPortionAttributableToNoncontrollingInterest
DIS,2025-09-27,2025-11-13,114612000000,10-K,StockholdersEquityIncludingPortionAttributableToNoncontrollingInterest
DIS,2025-12-27,2026-02-02,114008000000,10-Q,StockholdersEquityIncludingPortionAttributableToNoncontrollingInterest
DIS,2026-03-28,2026-05-06,115312000000,10-Q,StockholdersEquityIncludingPortionAttributableToNoncontrollingInterest
DIS,2026-06-27,2026-08-05,116842000000,10-Q,StockholdersEquityIncludingPortionAttributableToNoncontrollingInterest
CSCO,2019-01-26,2019-02-19,40789000000,10-Q,StockholdersEquity
CSCO,2019-04-27,2019-05-21,36804000000,10-Q,StockholdersEquity
CSCO,2019-07-27,2019-09-05,33571000000,10-K,StockholdersEquity
CSCO,2019-10-26,2019-11-19,34423000000,10-Q,StockholdersEquity
CSCO,2020-01-25,2020-02-18,35533000000,10-Q,StockholdersEquity
CSCO,2020-04-25,2020-05-18,35708000000,10-Q,StockholdersEquity
CSCO,2020-07-25,2020-09-03,37920000000,10-K,StockholdersEquity
CSCO,2020-10-24,2020-11-17,38157000000,10-Q,StockholdersEquity
CSCO,2021-01-23,2021-02-16,39121000000,10-Q,StockholdersEquity
CSCO,2021-05-01,2021-05-25,40205000000,10-Q,StockholdersEquity
CSCO,2021-07-31,2021-09-09,41275000000,10-K,StockholdersEquity
CSCO,2021-10-30,2021-11-23,42701000000,10-Q,StockholdersEquity
CSCO,2022-01-29,2022-02-22,39496000000,10-Q,StockholdersEquity
CSCO,2022-04-30,2022-05-25,40400000000,10-Q,StockholdersEquity
CSCO,2022-07-30,2022-09-08,39773000000,10-K,StockholdersEquity
CSCO,2022-10-29,2022-11-22,40272000000,10-Q,StockholdersEquity
CSCO,2023-01-28,2023-02-21,41474000000,10-Q,StockholdersEquity
CSCO,2023-04-29,2023-05-24,42295000000,10-Q,StockholdersEquity
CSCO,2023-07-29,2023-09-07,44353000000,10-K,StockholdersEquity
CSCO,2023-10-28,2023-11-21,45210000000,10-Q,StockholdersEquity
CSCO,2024-01-27,2024-02-20,46251000000,10-Q,StockholdersEquity
CSCO,2024-04-27,2024-05-21,45768000000,10-Q,StockholdersEquity
CSCO,2024-07-27,2024-09-05,45457000000,10-K,StockholdersEquity
CSCO,2024-10-26,2024-11-19,45277000000,10-Q,StockholdersEquity
CSCO,2025-01-25,2025-02-18,45530000000,10-Q,StockholdersEquity
CSCO,2025-04-26,2025-05-20,45935000000,10-Q,StockholdersEquity
CSCO,2025-07-26,2025-09-03,46843000000,10-K,StockholdersEquity
CSCO,2025-10-25,2025-11-18,46873000000,10-Q,StockholdersEquity
CSCO,2026-01-24,2026-02-17,47723000000,10-Q,StockholdersEquity
CSCO,2026-04-25,2026-05-19,48861000000,10-Q,StockholdersEquity
CSCO,2026-07-25,2026-09-02,50285000000,10-K,StockholdersEquity
CVX,2019-03-31,2019-05-02,156118000000,10-Q,StockholdersEquityIncludingPortionAttributableToNoncontrollingInterest
CVX,2019-06-30,2019-08-07,157451000000,10-Q,StockholdersEquityIncludingPortionAttributableToNoncontrollingInterest
CVX,2019-09-30,2019-11-07,156892000000,10-Q,StockholdersEquityIncludingPortionAttributableToNoncontrollingInterest
CVX,2019-12-31,2020-02-21,145208000000,10-K,StockholdersEquityIncludingPortionAttributableToNoncontrollingInterest
CVX,2020-03-31,2020-05-06,144914000000,10-Q,StockholdersEquityIncludingPortionAttributableToNoncontrollingInterest
CVX,2020-06-30,2020-08-05,134386000000,10-Q,StockholdersEquityIncludingPortionAttributableToNoncontrollingInterest
CVX,2020-09-30,2020-11-05,132038000000,10-Q,StockholdersEquityIncludingPortionAttributableToNoncontrollingInterest
CVX,2020-12-31,2021-02-25,132726000000,10-K,StockholdersEquityIncludingPortionAttributableToNoncontrollingInterest
CVX,2021-03-31,2021-05-06,132933000000,10-Q,StockholdersEquityIncludingPortionAttributableToNoncontrollingInterest
CVX,2021-06-30,2021-08-05,133911000000,10-Q,StockholdersEquityIncludingPortionAttributableToNoncontrollingInterest
CVX,2021-09-30,2021-11-04,136722000000,10-Q,StockholdersEquityIncludingPortionAttributableToNoncontrollingInterest
CVX,2021-12-31,2022-02-24,139940000000,10-K,StockholdersEquityIncludingPortionAttributableToNoncontrollingInterest
CVX,2022-03-31,2022-05-04,147100000000,10-Q,StockholdersEquityIncludingPortionAttributableToNoncontrollingInterest
CVX,2022-06-30,2022-08-04,154562000000,10-Q,StockholdersEquityIncludingPortionAttributableToNoncontrollingInterest
CVX,2022-09-30,2022-11-03,159627000000,10-Q,StockholdersEquityIncludingPortionAttributableToNoncontrollingInterest
CVX,2022-12-31,2023-02-23,160242000000,10-K,StockholdersEquityIncludingPortionAttributableToNoncontrollingInterest
CVX,2023-03-31,2023-05-04,160434000000,10-Q,StockholdersEquityIncludingPortionAttributableToNoncontrollingInterest
CVX,2023-06-30,2023-08-03,159298000000,10-Q,StockholdersEquityIncludingPortionAttributableToNoncontrollingInterest
CVX,2023-09-30,2023-11-02,166248000000,10-Q,StockholdersEquityIncludingPortionAttributableToNoncontrollingInterest
CVX,2023-12-31,2024-02-26,161929000000,10-K,StockholdersEquityIncludingPortionAttributableToNoncontrollingInterest
CVX,2024-03-31,2024-05-02,161656000000,10-Q,StockholdersEquityIncludingPortionAttributableToNoncontrollingInterest
CVX,2024-06-30,2024-08-07,160263000000,10-Q,StockholdersEquityIncludingPortionAttributableToNoncontrollingInterest
CVX,2024-09-30,2024-11-07,157030000000,10-Q,StockholdersEquityIncludingPortionAttributableToNoncontrollingInterest
CVX,2024-12-31,2025-02-21,153157000000,10-K,StockholdersEquityIncludingPortionAttributableToNoncontrollingInterest
CVX,2025-03-31,2025-05-08,150080000000,10-Q,StockholdersEquityIncludingPortionAttributableToNoncontrollingInterest
CVX,2025-06-30,2025-08-07,147258000000,10-Q,StockholdersEquityIncludingPortionAttributableToNoncontrollingInterest
CVX,2025-09-30,2025-11-06,195600000000,10-Q,StockholdersEquityIncludingPortionAttributableToNoncontrollingInterest
CVX,2025-12-31,2026-02-24,192176000000,10-K,StockholdersEquityIncludingPortionAttributableToNoncontrollingInterest
CVX,2026-03-31,2026-05-07,189371000000,10-Q,StockholdersEquityIncludingPortionAttributableToNoncontrollingInterest
CVX,2026-06-30,2026-08-06,195558000000,10-Q,StockholdersEquityIncludingPortionAttributableToNoncontrollingInterest
COST,2019-02-17,2019-03-13,14183000000,10-Q,StockholdersEquityIncludingPortionAttributableToNoncontrollingInterest
COST,2019-05-12,2019-06-06,14820000000,10-Q,StockholdersEquityIncludingPortionAttributableToNoncontrollingInterest
COST,2019-09-01,2019-10-11,15584000000,10-K,StockholdersEquityIncludingPortionAttributableToNoncontrollingInterest
COST,2019-11-24,2019-12-23,16224000000,10-Q,StockholdersEquityIncludingPortionAttributableToNoncontrollingInterest
COST,2020-02-16,2020-03-12,16999000000,10-Q,StockholdersEquityIncludingPortionAttributableToNoncontrollingInterest
COST,2020-05-10,2020-06-04,17203000000,10-Q,StockholdersEquityIncludingPortionAttributableToNoncontrollingInterest
COST,2020-08-30,2020-10-07,18705000000,10-K,StockholdersEquityIncludingPortionAttributableToNoncontrollingInterest
COST,2020-11-22,2020-12-16,15309000000,10-Q,StockholdersEquityIncludingPortionAttributableToNoncontrollingInterest
COST,2021-02-14,2021-03-10,16129000000,10-Q,StockholdersEquityIncludingPortionAttributableToNoncontrollingInterest
COST,2021-05-09,2021-06-03,16974000000,10-Q,StockholdersEquityIncludingPortionAttributableToNoncontrollingInterest
COST,2021-08-29,2021-10-06,18078000000,10-K,StockholdersEquityIncludingPortionAttributableToNoncontrollingInterest
COST,2021-11-21,2021-12-22,19000000000,10-Q,StockholdersEquityIncludingPortionAttributableToNoncontrollingInterest
COST,2022-02-13,2022-03-10,19976000000,10-Q,StockholdersEquityIncludingPortionAttributableToNoncontrollingInterest
COST,2022-05-08,2022-06-02,20513000000,10-Q,StockholdersEquityIncludingPortionAttributableToNoncontrollingInterest
COST,2022-08-28,2022-10-05,20647000000,10-K,StockholdersEquityIncludingPortionAttributableToNoncontrollingInterest
COST,2022-11-20,2022-12-29,21476000000,10-Q,StockholdersEquityIncludingPortionAttributableToNoncontrollingInterest
COST,2023-02-12,2023-03-09,22799000000,10-Q,StockholdersEquityIncludingPortionAttributableToNoncontrollingInterest
COST,2023-05-07,2023-06-01,23573000000,10-Q,StockholdersEquityIncludingPortionAttributableToNoncontrollingInterest
COST,2023-09-03,2023-10-11,25058000000,10-K,StockholdersEquityIncludingPortionAttributableToNoncontrollingInterest
COST,2023-11-26,2023-12-20,26147000000,10-Q,StockholdersEquityIncludingPortionAttributableToNoncontrollingInterest
COST,2024-02-18,2024-03-13,20760000000,10-Q,StockholdersEquityIncludingPortionAttributableToNoncontrollingInterest
COST,2024-05-12,2024-06-06,21771000000,10-Q,StockholdersEquityIncludingPortionAttributableToNoncontrollingInterest
COST,2024-09-01,2024-10-09,23622000000,10-K,StockholdersEquityIncludingPortionAttributableToNoncontrollingInterest
COST,2025-08-31,2025-10-08,29164000000,10-K,StockholdersEquityIncludingPortionAttributableToNoncontrollingInterest
BAC,2019-03-31,2019-04-26,267010000000,10-Q,StockholdersEquity
BAC,2019-06-30,2019-07-29,271408000000,10-Q,StockholdersEquity
BAC,2019-09-30,2019-10-28,268387000000,10-Q,StockholdersEquity
BAC,2019-12-31,2020-02-19,264810000000,10-K,StockholdersEquity
BAC,2020-03-31,2020-05-01,264918000000,10-Q,StockholdersEquity
BAC,2020-06-30,2020-07-31,265637000000,10-Q,StockholdersEquity
BAC,2020-09-30,2020-10-30,268850000000,10-Q,StockholdersEquity
BAC,2020-12-31,2021-02-24,272924000000,10-K,StockholdersEquity
BAC,2021-03-31,2021-04-29,274000000000,10-Q,StockholdersEquity
BAC,2021-06-30,2021-07-30,277119000000,10-Q,StockholdersEquity
BAC,2021-09-30,2021-10-29,272464000000,10-Q,StockholdersEquity
BAC,2021-12-31,2022-02-22,270066000000,10-K,StockholdersEquity
BAC,2022-03-31,2022-04-29,266617000000,10-Q,StockholdersEquity
BAC,2022-06-30,2022-07-29,269118000000,10-Q,StockholdersEquity
BAC,2022-09-30,2022-10-28,269524000000,10-Q,StockholdersEquity
BAC,2022-12-31,2023-02-22,273197000000,10-K,StockholdersEquity
BAC,2023-03-31,2023-05-01,280196000000,10-Q,StockholdersEquity
BAC,2023-06-30,2023-07-31,283319000000,10-Q,StockholdersEquity
BAC,2023-09-30,2023-10-31,287064000000,10-Q,StockholdersEquity
BAC,2023-12-31,2024-02-20,291646000000,10-K,StockholdersEquity
BAC,2024-03-31,2024-04-30,293552000000,10-Q,StockholdersEquity
BAC,2024-06-30,2024-07-30,293892000000,10-Q,StockholdersEquity
BAC,2024-09-30,2024-10-29,296512000000,10-Q,StockholdersEquity
BAC,2024-12-31,2025-02-25,295559000000,10-K,StockholdersEquity
BAC,2025-03-31,2025-04-30,295581000000,10-Q,StockholdersEquity
BAC,2025-06-30,2025-07-31,299599000000,10-Q,StockholdersEquity
BAC,2025-09-30,2025-10-31,304152000000,10-Q,StockholdersEquity
BAC,2025-12-31,2026-02-25,303243000000,10-K,StockholdersEquity
BAC,2026-03-31,2026-05-01,300668000000,10-Q,StockholdersEquity
BAC,2026-06-30,2026-07-31,301094000000,10-Q,StockholdersEquity
LRCX,2019-03-31,2019-04-30,5291196000,10-Q,StockholdersEquity
LRCX,2019-06-30,2019-08-20,4673865000,10-K,StockholdersEquity
LRCX,2019-09-29,2019-10-29,4936393000,10-Q,StockholdersEquity
LRCX,2019-12-29,2020-02-04,4379429000,10-Q,StockholdersEquity
LRCX,2020-03-29,2020-04-28,4537607000,10-Q,StockholdersEquity
LRCX,2020-06-28,2020-08-18,5172494000,10-K,StockholdersEquity
LRCX,2020-09-27,2020-10-27,5419185000,10-Q,StockholdersEquity
LRCX,2020-12-27,2021-02-02,5503033000,10-Q,StockholdersEquity
LRCX,2021-03-28,2021-04-28,5371616000,10-Q,StockholdersEquity
LRCX,2021-06-27,2021-08-17,6027188000,10-K,StockholdersEquity
LRCX,2021-09-26,2021-10-26,5820043000,10-Q,StockholdersEquity
LRCX,2021-12-26,2022-02-01,6475781000,10-Q,StockholdersEquity
LRCX,2022-03-27,2022-04-26,6026490000,10-Q,StockholdersEquity
LRCX,2022-06-26,2022-08-24,6278366000,10-K,StockholdersEquity
LRCX,2022-09-25,2022-10-24,7412567000,10-Q,StockholdersEquity
LRCX,2022-12-25,2023-01-30,8304635000,10-Q,StockholdersEquity
LRCX,2023-03-26,2023-04-24,8407388000,10-Q,StockholdersEquity
LRCX,2023-06-25,2023-08-15,8210172000,10-K,StockholdersEquity
LRCX,2023-09-24,2023-10-23,8047330000,10-Q,StockholdersEquity
LRCX,2023-12-24,2024-01-29,8222478000,10-Q,StockholdersEquity
LRCX,2024-03-31,2024-04-29,8022101000,10-Q,StockholdersEquity
LRCX,2024-06-30,2024-08-29,8539454000,10-K,StockholdersEquity
LRCX,2024-09-29,2024-10-28,8471891000,10-Q,StockholdersEquity
LRCX,2024-12-29,2025-01-31,8808026000,10-Q,StockholdersEquity
LRCX,2025-03-30,2025-04-25,9511105000,10-Q,StockholdersEquity
LRCX,2025-06-29,2025-08-11,9861619000,10-K,StockholdersEquity
LRCX,2025-09-28,2025-10-24,10192752000,10-Q,StockholdersEquity
LRCX,2025-12-28,2026-01-29,10145426000,10-Q,StockholdersEquity
LRCX,2026-03-29,2026-04-23,10584779000,10-Q,StockholdersEquity
LRCX,2026-06-28,2026-08-07,12470921000,10-K,StockholdersEquity
KO,2019-03-29,2019-04-25,19804000000,10-Q,StockholdersEquityIncludingPortionAttributableToNoncontrollingInterest
KO,2019-06-28,2019-07-25,20295000000,10-Q,StockholdersEquityIncludingPortionAttributableToNoncontrollingInterest
KO,2019-09-27,2019-10-24,20683000000,10-Q,StockholdersEquityIncludingPortionAttributableToNoncontrollingInterest
KO,2019-12-31,2020-02-24,21098000000,10-K,StockholdersEquityIncludingPortionAttributableToNoncontrollingInterest
KO,2020-03-27,2020-04-24,19834000000,10-Q,StockholdersEquityIncludingPortionAttributableToNoncontrollingInterest
KO,2020-06-26,2020-07-22,19189000000,10-Q,StockholdersEquityIncludingPortionAttributableToNoncontrollingInterest
KO,2020-09-25,2020-10-22,20316000000,10-Q,StockholdersEquityIncludingPortionAttributableToNoncontrollingInterest
KO,2020-12-31,2021-02-25,21284000000,10-K,StockholdersEquityIncludingPortionAttributableToNoncontrollingInterest
KO,2021-04-02,2021-04-27,22332000000,10-Q,StockholdersEquityIncludingPortionAttributableToNoncontrollingInterest
KO,2021-07-02,2021-07-26,24255000000,10-Q,StockholdersEquityIncludingPortionAttributableToNoncontrollingInterest
KO,2021-10-01,2021-10-28,24133000000,10-Q,StockholdersEquityIncludingPortionAttributableToNoncontrollingInterest
KO,2021-12-31,2022-02-22,24860000000,10-K,StockholdersEquityIncludingPortionAttributableToNoncontrollingInterest
KO,2022-04-01,2022-04-28,26841000000,10-Q,StockholdersEquityIncludingPortionAttributableToNoncontrollingInterest
KO,2022-07-01,2022-07-27,24803000000,10-Q,StockholdersEquityIncludingPortionAttributableToNoncontrollingInterest
KO,2022-09-30,2022-10-26,24436000000,10-Q,StockholdersEquityIncludingPortionAttributableToNoncontrollingInterest
KO,2022-12-31,2023-02-21,25826000000,10-K,StockholdersEquityIncludingPortionAttributableToNoncontrollingInterest
KO,2023-03-31,2023-04-26,26868000000,10-Q,StockholdersEquityIncludingPortionAttributableToNoncontrollingInterest
KO,2023-06-30,2023-07-27,27552000000,10-Q,StockholdersEquityIncludingPortionAttributableToNoncontrollingInterest
KO,2023-09-29,2023-10-24,27833000000,10-Q,StockholdersEquityIncludingPortionAttributableToNoncontrollingInterest
KO,2023-12-31,2024-02-20,27480000000,10-K,StockholdersEquityIncludingPortionAttributableToNoncontrollingInterest
KO,2024-03-29,2024-05-02,27946000000,10-Q,StockholdersEquityIncludingPortionAttributableToNoncontrollingInterest
KO,2024-06-28,2024-07-29,27411000000,10-Q,StockholdersEquityIncludingPortionAttributableToNoncontrollingInterest
KO,2024-09-27,2024-10-24,28154000000,10-Q,StockholdersEquityIncludingPortionAttributableToNoncontrollingInterest
KO,2024-12-31,2025-02-20,26372000000,10-K,StockholdersEquityIncludingPortionAttributableToNoncontrollingInterest
KO,2025-03-28,2025-05-01,27754000000,10-Q,StockholdersEquityIncludingPortionAttributableToNoncontrollingInterest
KO,2025-06-27,2025-07-24,30182000000,10-Q,StockholdersEquityIncludingPortionAttributableToNoncontrollingInterest
KO,2025-09-26,2025-10-23,33267000000,10-Q,StockholdersEquityIncludingPortionAttributableToNoncontrollingInterest
KO,2025-12-31,2026-02-20,34275000000,10-K,StockholdersEquityIncludingPortionAttributableToNoncontrollingInterest
KO,2026-04-03,2026-04-30,35734000000,10-Q,StockholdersEquityIncludingPortionAttributableToNoncontrollingInterest
AMAT,2019-01-27,2019-02-21,8209000000,10-Q,StockholdersEquity
AMAT,2019-04-28,2019-05-23,8201000000,10-Q,StockholdersEquity
AMAT,2019-07-28,2019-08-22,8116000000,10-Q,StockholdersEquity
AMAT,2019-10-27,2019-12-13,8214000000,10-K,StockholdersEquity
AMAT,2020-01-26,2020-02-20,8660000000,10-Q,StockholdersEquity
AMAT,2020-04-26,2020-05-21,9024000000,10-Q,StockholdersEquity
AMAT,2020-07-26,2020-08-20,9569000000,10-Q,StockholdersEquity
AMAT,2020-10-25,2020-12-11,10578000000,10-K,StockholdersEquity
AMAT,2021-01-31,2021-02-25,11473000000,10-Q,StockholdersEquity
AMAT,2021-05-02,2021-05-27,11993000000,10-Q,StockholdersEquity
AMAT,2021-08-01,2021-08-26,12060000000,10-Q,StockholdersEquity
AMAT,2021-10-31,2021-12-17,12247000000,10-K,StockholdersEquity
AMAT,2022-01-30,2022-02-24,11890000000,10-Q,StockholdersEquity
AMAT,2022-05-01,2022-05-26,11579000000,10-Q,StockholdersEquity
AMAT,2022-07-31,2022-08-25,12070000000,10-Q,StockholdersEquity
AMAT,2022-10-30,2022-12-16,12194000000,10-K,StockholdersEquity
AMAT,2023-01-29,2023-02-23,13420000000,10-Q,StockholdersEquity
AMAT,2023-04-30,2023-05-26,14129000000,10-Q,StockholdersEquity
AMAT,2023-07-30,2023-08-24,15093000000,10-Q,StockholdersEquity
AMAT,2023-10-29,2023-12-15,16349000000,10-K,StockholdersEquity
AMAT,2024-01-28,2024-02-27,17429000000,10-Q,StockholdersEquity
AMAT,2024-04-28,2024-05-23,18199000000,10-Q,StockholdersEquity
AMAT,2024-07-28,2024-08-22,18840000000,10-Q,StockholdersEquity
AMAT,2024-10-27,2024-12-13,19001000000,10-K,StockholdersEquity
AMAT,2025-01-26,2025-02-20,18625000000,10-Q,StockholdersEquity
AMAT,2025-04-27,2025-05-22,18961000000,10-Q,StockholdersEquity
AMAT,2025-07-27,2025-08-21,19504000000,10-Q,StockholdersEquity
AMAT,2025-10-26,2025-12-12,20415000000,10-K,StockholdersEquity
AMAT,2026-01-25,2026-02-19,21717000000,10-Q,StockholdersEquity
AMAT,2026-04-26,2026-05-21,23909000000,10-Q,StockholdersEquity
AMAT,2026-07-26,2026-08-20,25626000000,10-Q,StockholdersEquity
MRK,2019-03-31,2019-05-08,27670000000,10-Q,StockholdersEquityIncludingPortionAttributableToNoncontrollingInterest
MRK,2019-06-30,2019-08-06,27737000000,10-Q,StockholdersEquityIncludingPortionAttributableToNoncontrollingInterest
MRK,2019-09-30,2019-11-05,26925000000,10-Q,StockholdersEquityIncludingPortionAttributableToNoncontrollingInterest
MRK,2019-12-31,2020-02-26,26001000000,10-K,StockholdersEquityIncludingPortionAttributableToNoncontrollingInterest
MRK,2020-03-31,2020-05-06,26300000000,10-Q,StockholdersEquityIncludingPortionAttributableToNoncontrollingInterest
MRK,2020-06-30,2020-08-05,27744000000,10-Q,StockholdersEquityIncludingPortionAttributableToNoncontrollingInterest
MRK,2020-09-30,2020-11-05,29270000000,10-Q,StockholdersEquityIncludingPortionAttributableToNoncontrollingInterest
MRK,2020-12-31,2021-02-25,25404000000,10-K,StockholdersEquityIncludingPortionAttributableToNoncontrollingInterest
MRK,2021-03-31,2021-05-05,27039000000,10-Q,StockholdersEquityIncludingPortionAttributableToNoncontrollingInterest
MRK,2021-06-30,2021-08-09,33388000000,10-Q,StockholdersEquityIncludingPortionAttributableToNoncontrollingInterest
MRK,2021-09-30,2021-11-05,35863000000,10-Q,StockholdersEquityIncludingPortionAttributableToNoncontrollingInterest
MRK,2021-12-31,2022-02-25,38257000000,10-K,StockholdersEquityIncludingPortionAttributableToNoncontrollingInterest
MRK,2022-03-31,2022-05-05,40953000000,10-Q,StockholdersEquityIncludingPortionAttributableToNoncontrollingInterest
MRK,2022-06-30,2022-08-05,43318000000,10-Q,StockholdersEquityIncludingPortionAttributableToNoncontrollingInterest
MRK,2022-09-30,2022-11-03,44524000000,10-Q,StockholdersEquityIncludingPortionAttributableToNoncontrollingInterest
MRK,2022-12-31,2023-02-24,46058000000,10-K,StockholdersEquityIncludingPortionAttributableToNoncontrollingInterest
MRK,2023-03-31,2023-05-05,46905000000,10-Q,StockholdersEquityIncludingPortionAttributableToNoncontrollingInterest
MRK,2023-06-30,2023-08-07,38742000000,10-Q,StockholdersEquityIncludingPortionAttributableToNoncontrollingInterest
MRK,2023-09-30,2023-11-03,41300000000,10-Q,StockholdersEquityIncludingPortionAttributableToNoncontrollingInterest
MRK,2023-12-31,2024-02-26,37635000000,10-K,StockholdersEquityIncludingPortionAttributableToNoncontrollingInterest
MRK,2024-03-31,2024-05-03,40424000000,10-Q,StockholdersEquityIncludingPortionAttributableToNoncontrollingInterest
MRK,2024-06-30,2024-08-05,43648000000,10-Q,StockholdersEquityIncludingPortionAttributableToNoncontrollingInterest
MRK,2024-09-30,2024-11-06,44560000000,10-Q,StockholdersEquityIncludingPortionAttributableToNoncontrollingInterest
MRK,2024-12-31,2025-02-25,46372000000,10-K,StockholdersEquityIncludingPortionAttributableToNoncontrollingInterest
MRK,2025-03-31,2025-05-02,48400000000,10-Q,StockholdersEquityIncludingPortionAttributableToNoncontrollingInterest
MRK,2025-06-30,2025-08-05,49060000000,10-Q,StockholdersEquityIncludingPortionAttributableToNoncontrollingInterest
MRK,2025-09-30,2025-11-05,51907000000,10-Q,StockholdersEquityIncludingPortionAttributableToNoncontrollingInterest
MRK,2025-12-31,2026-02-24,52662000000,10-K,StockholdersEquityIncludingPortionAttributableToNoncontrollingInterest
MRK,2026-03-31,2026-05-04,45931000000,10-Q,StockholdersEquityIncludingPortionAttributableToNoncontrollingInterest
MRK,2026-06-30,2026-08-07,41984000000,10-Q,StockholdersEquityIncludingPortionAttributableToNoncontrollingInterest
CAT,2019-01-01,2019-05-06,14315000000,10-Q,StockholdersEquityIncludingPortionAttributableToNoncontrollingInterest
CAT,2019-03-31,2019-05-06,15478000000,10-Q,StockholdersEquityIncludingPortionAttributableToNoncontrollingInterest
CAT,2019-06-30,2019-08-01,14878000000,10-Q,StockholdersEquityIncludingPortionAttributableToNoncontrollingInterest
CAT,2019-09-30,2019-10-31,14993000000,10-Q,StockholdersEquityIncludingPortionAttributableToNoncontrollingInterest
CAT,2019-12-31,2020-02-19,14629000000,10-K,StockholdersEquityIncludingPortionAttributableToNoncontrollingInterest
CAT,2020-01-01,2020-05-06,14604000000,10-Q,StockholdersEquityIncludingPortionAttributableToNoncontrollingInterest
CAT,2020-03-31,2020-05-06,14239000000,10-Q,StockholdersEquityIncludingPortionAttributableToNoncontrollingInterest
CAT,2020-06-30,2020-08-05,13777000000,10-Q,StockholdersEquityIncludingPortionAttributableToNoncontrollingInterest
CAT,2020-09-30,2020-11-04,14994000000,10-Q,StockholdersEquityIncludingPortionAttributableToNoncontrollingInterest
CAT,2020-12-31,2021-02-17,15378000000,10-K,StockholdersEquityIncludingPortionAttributableToNoncontrollingInterest
CAT,2021-03-31,2021-05-05,16617000000,10-Q,StockholdersEquityIncludingPortionAttributableToNoncontrollingInterest
CAT,2021-06-30,2021-08-04,16880000000,10-Q,StockholdersEquityIncludingPortionAttributableToNoncontrollingInterest
CAT,2021-09-30,2021-11-03,16695000000,10-Q,StockholdersEquityIncludingPortionAttributableToNoncontrollingInterest
CAT,2021-12-31,2022-02-16,16516000000,10-K,StockholdersEquityIncludingPortionAttributableToNoncontrollingInterest
CAT,2022-03-31,2022-05-04,17097000000,10-Q,StockholdersEquityIncludingPortionAttributableToNoncontrollingInterest
CAT,2022-06-30,2022-08-03,15759000000,10-Q,StockholdersEquityIncludingPortionAttributableToNoncontrollingInterest
CAT,2022-09-30,2022-11-02,15622000000,10-Q,StockholdersEquityIncludingPortionAttributableToNoncontrollingInterest
CAT,2022-12-31,2023-02-15,15891000000,10-K,StockholdersEquityIncludingPortionAttributableToNoncontrollingInterest
CAT,2023-03-31,2023-05-03,18170000000,10-Q,StockholdersEquityIncludingPortionAttributableToNoncontrollingInterest
CAT,2023-06-30,2023-08-02,18256000000,10-Q,StockholdersEquityIncludingPortionAttributableToNoncontrollingInterest
CAT,2023-09-30,2023-11-01,20507000000,10-Q,StockholdersEquityIncludingPortionAttributableToNoncontrollingInterest
CAT,2023-12-31,2024-02-16,19503000000,10-K,StockholdersEquityIncludingPortionAttributableToNoncontrollingInterest
CAT,2024-03-31,2024-05-01,17645000000,10-Q,StockholdersEquityIncludingPortionAttributableToNoncontrollingInterest
CAT,2024-06-30,2024-08-07,17136000000,10-Q,StockholdersEquityIncludingPortionAttributableToNoncontrollingInterest
CAT,2024-09-30,2024-11-06,19403000000,10-Q,StockholdersEquityIncludingPortionAttributableToNoncontrollingInterest
CAT,2024-12-31,2025-02-14,19494000000,10-K,StockholdersEquityIncludingPortionAttributableToNoncontrollingInterest
CAT,2025-03-31,2025-05-07,18070000000,10-Q,StockholdersEquityIncludingPortionAttributableToNoncontrollingInterest
CAT,2025-06-30,2025-08-06,18663000000,10-Q,StockholdersEquityIncludingPortionAttributableToNoncontrollingInterest
CAT,2025-09-30,2025-11-03,20659000000,10-Q,StockholdersEquityIncludingPortionAttributableToNoncontrollingInterest
CAT,2025-12-31,2026-02-13,21318000000,10-K,StockholdersEquityIncludingPortionAttributableToNoncontrollingInterest
CAT,2026-03-31,2026-05-06,18660000000,10-Q,StockholdersEquityIncludingPortionAttributableToNoncontrollingInterest
CAT,2026-06-30,2026-08-05,19394000000,10-Q,StockholdersEquityIncludingPortionAttributableToNoncontrollingInterest
DELL,2019-02-01,2019-03-29,-942000000,10-K,StockholdersEquityIncludingPortionAttributableToNoncontrollingInterest
DELL,2019-05-03,2019-06-10,-1661000000,10-Q,StockholdersEquityIncludingPortionAttributableToNoncontrollingInterest
DELL,2019-08-02,2019-09-10,3095000000,10-Q,StockholdersEquityIncludingPortionAttributableToNoncontrollingInterest
DELL,2019-11-01,2019-12-09,3877000000,10-Q,StockholdersEquityIncludingPortionAttributableToNoncontrollingInterest
DELL,2020-01-31,2020-03-27,3155000000,10-K,StockholdersEquityIncludingPortionAttributableToNoncontrollingInterest
DELL,2020-05-01,2020-06-08,3240000000,10-Q,StockholdersEquityIncludingPortionAttributableToNoncontrollingInterest
DELL,2020-07-31,2020-09-04,4558000000,10-Q,StockholdersEquityIncludingPortionAttributableToNoncontrollingInterest
DELL,2020-10-30,2020-12-07,5939000000,10-Q,StockholdersEquityIncludingPortionAttributableToNoncontrollingInterest
DELL,2021-01-29,2021-03-26,7553000000,10-K,StockholdersEquityIncludingPortionAttributableToNoncontrollingInterest
DELL,2021-04-30,2021-06-07,8586000000,10-Q,StockholdersEquityIncludingPortionAttributableToNoncontrollingInterest
DELL,2021-07-30,2021-09-03,9943000000,10-Q,StockholdersEquityIncludingPortionAttributableToNoncontrollingInterest
DELL,2021-10-29,2021-12-03,14194000000,10-Q,StockholdersEquityIncludingPortionAttributableToNoncontrollingInterest
DELL,2022-01-28,2022-03-24,-1580000000,10-K,StockholdersEquityIncludingPortionAttributableToNoncontrollingInterest
DELL,2022-04-29,2022-06-06,-2355000000,10-Q,StockholdersEquityIncludingPortionAttributableToNoncontrollingInterest
DELL,2022-07-29,2022-09-01,-2755000000,10-Q,StockholdersEquityIncludingPortionAttributableToNoncontrollingInterest
DELL,2022-10-28,2022-12-05,-3368000000,10-Q,StockholdersEquityIncludingPortionAttributableToNoncontrollingInterest
DELL,2023-02-03,2023-03-30,-3025000000,10-K,StockholdersEquityIncludingPortionAttributableToNoncontrollingInterest
DELL,2023-05-05,2023-06-12,-2924000000,10-Q,StockholdersEquityIncludingPortionAttributableToNoncontrollingInterest
DELL,2023-08-04,2023-09-12,-2677000000,10-Q,StockholdersEquityIncludingPortionAttributableToNoncontrollingInterest
DELL,2023-11-03,2023-12-08,-2570000000,10-Q,StockholdersEquityIncludingPortionAttributableToNoncontrollingInterest
DELL,2024-02-02,2024-03-25,-2309000000,10-K,StockholdersEquityIncludingPortionAttributableToNoncontrollingInterest
DELL,2024-05-03,2024-06-11,-2723000000,10-Q,StockholdersEquityIncludingPortionAttributableToNoncontrollingInterest
DELL,2024-08-02,2024-09-10,-2797000000,10-Q,StockholdersEquityIncludingPortionAttributableToNoncontrollingInterest
DELL,2024-11-01,2024-12-10,-2190000000,10-Q,StockholdersEquityIncludingPortionAttributableToNoncontrollingInterest
DELL,2025-01-31,2025-03-25,-1387000000,10-K,StockholdersEquityIncludingPortionAttributableToNoncontrollingInterest
DELL,2025-05-02,2025-06-10,-3024000000,10-Q,StockholdersEquityIncludingPortionAttributableToNoncontrollingInterest
DELL,2025-08-01,2025-09-08,-2766000000,10-Q,StockholdersEquityIncludingPortionAttributableToNoncontrollingInterest
DELL,2025-10-31,2025-12-09,-2620000000,10-Q,StockholdersEquityIncludingPortionAttributableToNoncontrollingInterest
DELL,2026-01-30,2026-03-16,-2470000000,10-K,StockholdersEquityIncludingPortionAttributableToNoncontrollingInterest
DELL,2026-05-01,2026-06-09,-1404000000,10-Q,StockholdersEquityIncludingPortionAttributableToNoncontrollingInterest
DELL,2026-07-31,2026-09-08,-1427000000,10-Q,StockholdersEquityIncludingPortionAttributableToNoncontrollingInterest
PG,2019-03-31,2019-04-23,55552000000,10-Q,StockholdersEquityIncludingPortionAttributableToNoncontrollingInterest
PG,2019-06-30,2019-08-06,47579000000,10-K,StockholdersEquityIncludingPortionAttributableToNoncontrollingInterest
PG,2019-09-30,2019-10-22,46984000000,10-Q,StockholdersEquityIncludingPortionAttributableToNoncontrollingInterest
PG,2019-12-31,2020-01-23,45908000000,10-Q,StockholdersEquityIncludingPortionAttributableToNoncontrollingInterest
PG,2020-03-31,2020-04-20,45941000000,10-Q,StockholdersEquityIncludingPortionAttributableToNoncontrollingInterest
PG,2020-06-30,2020-08-06,46878000000,10-K,StockholdersEquityIncludingPortionAttributableToNoncontrollingInterest
PG,2020-09-30,2020-10-20,48576000000,10-Q,StockholdersEquityIncludingPortionAttributableToNoncontrollingInterest
PG,2020-12-31,2021-01-20,48540000000,10-Q,StockholdersEquityIncludingPortionAttributableToNoncontrollingInterest
PG,2021-03-31,2021-04-20,46919000000,10-Q,StockholdersEquityIncludingPortionAttributableToNoncontrollingInterest
PG,2021-06-30,2021-08-06,46654000000,10-K,StockholdersEquityIncludingPortionAttributableToNoncontrollingInterest
PG,2021-09-30,2021-10-19,46408000000,10-Q,StockholdersEquityIncludingPortionAttributableToNoncontrollingInterest
PG,2021-12-31,2022-01-19,44893000000,10-Q,StockholdersEquityIncludingPortionAttributableToNoncontrollingInterest
PG,2022-03-31,2022-04-20,45746000000,10-Q,StockholdersEquityIncludingPortionAttributableToNoncontrollingInterest
PG,2022-06-30,2022-08-05,46854000000,10-K,StockholdersEquityIncludingPortionAttributableToNoncontrollingInterest
PG,2022-09-30,2022-10-19,44334000000,10-Q,StockholdersEquityIncludingPortionAttributableToNoncontrollingInterest
PG,2022-12-31,2023-01-19,44725000000,10-Q,StockholdersEquityIncludingPortionAttributableToNoncontrollingInterest
PG,2023-03-31,2023-04-21,45421000000,10-Q,StockholdersEquityIncludingPortionAttributableToNoncontrollingInterest
PG,2023-06-30,2023-08-04,47065000000,10-K,StockholdersEquityIncludingPortionAttributableToNoncontrollingInterest
PG,2023-09-30,2023-10-18,48014000000,10-Q,StockholdersEquityIncludingPortionAttributableToNoncontrollingInterest
PG,2023-12-31,2024-01-23,48829000000,10-Q,StockholdersEquityIncludingPortionAttributableToNoncontrollingInterest
PG,2024-03-31,2024-04-19,50333000000,10-Q,StockholdersEquityIncludingPortionAttributableToNoncontrollingInterest
PG,2024-06-30,2024-08-05,50559000000,10-K,StockholdersEquityIncludingPortionAttributableToNoncontrollingInterest
PG,2024-09-30,2024-10-18,52141000000,10-Q,StockholdersEquityIncludingPortionAttributableToNoncontrollingInterest
PG,2024-12-31,2025-01-22,51443000000,10-Q,StockholdersEquityIncludingPortionAttributableToNoncontrollingInterest
PG,2025-03-31,2025-04-24,52545000000,10-Q,StockholdersEquityIncludingPortionAttributableToNoncontrollingInterest
PG,2025-06-30,2025-08-04,52284000000,10-K,StockholdersEquityIncludingPortionAttributableToNoncontrollingInterest
PG,2025-09-30,2025-10-24,53551000000,10-Q,StockholdersEquityIncludingPortionAttributableToNoncontrollingInterest
PG,2025-12-31,2026-01-23,53317000000,10-Q,StockholdersEquityIncludingPortionAttributableToNoncontrollingInterest
PG,2026-03-31,2026-04-24,54731000000,10-Q,StockholdersEquityIncludingPortionAttributableToNoncontrollingInterest
PG,2026-06-30,2026-08-04,54311000000,10-K,StockholdersEquityIncludingPortionAttributableToNoncontrollingInterest
UNH,2019-03-31,2019-05-07,54451000000,10-Q,StockholdersEquityIncludingPortionAttributableToNoncontrollingInterest
UNH,2019-06-30,2019-08-07,55854000000,10-Q,StockholdersEquityIncludingPortionAttributableToNoncontrollingInterest
UNH,2019-09-30,2019-11-06,57756000000,10-Q,StockholdersEquityIncludingPortionAttributableToNoncontrollingInterest
UNH,2019-12-31,2020-02-14,60436000000,10-K,StockholdersEquityIncludingPortionAttributableToNoncontrollingInterest
UNH,2020-03-31,2020-05-06,59863000000,10-Q,StockholdersEquityIncludingPortionAttributableToNoncontrollingInterest
UNH,2020-06-30,2020-08-03,66515000000,10-Q,StockholdersEquityIncludingPortionAttributableToNoncontrollingInterest
UNH,2020-09-30,2020-11-02,68104000000,10-Q,StockholdersEquityIncludingPortionAttributableToNoncontrollingInterest
UNH,2020-12-31,2021-03-01,68328000000,10-K,StockholdersEquityIncludingPortionAttributableToNoncontrollingInterest
UNH,2021-03-31,2021-05-05,69313000000,10-Q,StockholdersEquityIncludingPortionAttributableToNoncontrollingInterest
UNH,2021-06-30,2021-08-03,72022000000,10-Q,StockholdersEquityIncludingPortionAttributableToNoncontrollingInterest
UNH,2021-09-30,2021-11-03,73259000000,10-Q,StockholdersEquityIncludingPortionAttributableToNoncontrollingInterest
UNH,2021-12-31,2022-02-15,75045000000,10-K,StockholdersEquityIncludingPortionAttributableToNoncontrollingInterest
UNH,2022-03-31,2022-05-04,76128000000,10-Q,StockholdersEquityIncludingPortionAttributableToNoncontrollingInterest
UNH,2022-06-30,2022-08-03,76205000000,10-Q,StockholdersEquityIncludingPortionAttributableToNoncontrollingInterest
UNH,2022-09-30,2022-11-02,78064000000,10-Q,StockholdersEquityIncludingPortionAttributableToNoncontrollingInterest
UNH,2022-12-31,2023-02-24,81450000000,10-K,StockholdersEquityIncludingPortionAttributableToNoncontrollingInterest
UNH,2023-03-31,2023-05-03,85821000000,10-Q,StockholdersEquityIncludingPortionAttributableToNoncontrollingInterest
UNH,2023-06-30,2023-08-02,87368000000,10-Q,StockholdersEquityIncludingPortionAttributableToNoncontrollingInterest
UNH,2023-09-30,2023-11-06,89564000000,10-Q,StockholdersEquityIncludingPortionAttributableToNoncontrollingInterest
UNH,2023-12-31,2024-02-28,94421000000,10-K,StockholdersEquityIncludingPortionAttributableToNoncontrollingInterest
UNH,2024-03-31,2024-05-09,92370000000,10-Q,StockholdersEquityIncludingPortionAttributableToNoncontrollingInterest
UNH,2024-06-30,2024-08-09,94676000000,10-Q,StockholdersEquityIncludingPortionAttributableToNoncontrollingInterest
UNH,2024-09-30,2024-11-04,99881000000,10-Q,StockholdersEquityIncludingPortionAttributableToNoncontrollingInterest
UNH,2024-12-31,2025-02-27,98268000000,10-K,StockholdersEquityIncludingPortionAttributableToNoncontrollingInterest
UNH,2025-03-31,2025-05-07,100811000000,10-Q,StockholdersEquityIncludingPortionAttributableToNoncontrollingInterest
UNH,2025-06-30,2025-08-11,100469000000,10-Q,StockholdersEquityIncludingPortionAttributableToNoncontrollingInterest
UNH,2025-09-30,2025-10-28,101569000000,10-Q,StockholdersEquityIncludingPortionAttributableToNoncontrollingInterest
UNH,2025-12-31,2026-03-02,100090000000,10-K,StockholdersEquityIncludingPortionAttributableToNoncontrollingInterest
UNH,2026-03-31,2026-05-05,103895000000,10-Q,StockholdersEquityIncludingPortionAttributableToNoncontrollingInterest
UNH,2026-06-30,2026-08-10,104513000000,10-Q,StockholdersEquityIncludingPortionAttributableToNoncontrollingInterest
GE,2019-03-31,2019-04-30,35161000000,10-Q,StockholdersEquity
GE,2019-06-30,2019-07-31,35816000000,10-Q,StockholdersEquity
GE,2019-09-30,2019-10-30,27935000000,10-Q,StockholdersEquity
GE,2019-12-31,2020-02-24,28316000000,10-K,StockholdersEquity
GE,2020-03-31,2020-04-29,35284000000,10-Q,StockholdersEquity
GE,2020-06-30,2020-07-29,33674000000,10-Q,StockholdersEquity
GE,2020-09-30,2020-10-28,33269000000,10-Q,StockholdersEquity
GE,2020-12-31,2021-02-12,35552000000,10-K,StockholdersEquity
GE,2021-03-31,2021-04-27,33585000000,10-Q,StockholdersEquity
GE,2021-06-30,2021-07-27,33487000000,10-Q,StockholdersEquity
GE,2021-09-30,2021-10-26,37477000000,10-Q,StockholdersEquity
GE,2021-12-31,2022-02-11,40310000000,10-K,StockholdersEquity
GE,2022-03-31,2022-04-26,39005000000,10-Q,StockholdersEquity
GE,2022-06-30,2022-07-26,34649000000,10-Q,StockholdersEquity
GE,2022-09-30,2022-10-25,31475000000,10-Q,StockholdersEquity
GE,2022-12-31,2023-02-10,36366000000,10-K,StockholdersEquity
GE,2023-03-31,2023-04-25,31652000000,10-Q,StockholdersEquity
GE,2023-06-30,2023-07-25,31194000000,10-Q,StockholdersEquity
GE,2023-09-30,2023-10-24,28665000000,10-Q,StockholdersEquity
GE,2023-12-31,2024-02-02,27378000000,10-K,StockholdersEquity
GE,2024-03-31,2024-04-23,29855000000,10-Q,StockholdersEquity
GE,2024-06-30,2024-07-23,18598000000,10-Q,StockholdersEquity
GE,2024-09-30,2024-10-22,18874000000,10-Q,StockholdersEquity
GE,2024-12-31,2025-02-03,19342000000,10-K,StockholdersEquity
GE,2025-03-31,2025-04-22,19251000000,10-Q,StockholdersEquity
GE,2025-06-30,2025-07-21,19135000000,10-Q,StockholdersEquity
GE,2025-09-30,2025-10-21,18812000000,10-Q,StockholdersEquity
GE,2025-12-31,2026-01-29,18677000000,10-K,StockholdersEquity
GE,2026-03-31,2026-04-21,18057000000,10-Q,StockholdersEquity
GE,2026-06-30,2026-07-16,17640000000,10-Q,StockholdersEquity
MS,2019-03-31,2019-05-03,81892000000,10-Q,StockholdersEquityIncludingPortionAttributableToNoncontrollingInterest
MS,2019-06-30,2019-08-05,82845000000,10-Q,StockholdersEquityIncludingPortionAttributableToNoncontrollingInterest
MS,2019-09-30,2019-11-05,83550000000,10-Q,StockholdersEquityIncludingPortionAttributableToNoncontrollingInterest
MS,2019-12-31,2020-02-27,82697000000,10-K,StockholdersEquityIncludingPortionAttributableToNoncontrollingInterest
MS,2020-03-31,2020-05-05,87228000000,10-Q,StockholdersEquityIncludingPortionAttributableToNoncontrollingInterest
MS,2020-06-30,2020-08-04,88009000000,10-Q,StockholdersEquityIncludingPortionAttributableToNoncontrollingInterest
MS,2020-09-30,2020-11-03,89818000000,10-Q,StockholdersEquityIncludingPortionAttributableToNoncontrollingInterest
MS,2020-12-31,2021-02-26,103149000000,10-K,StockholdersEquityIncludingPortionAttributableToNoncontrollingInterest
MS,2021-03-31,2021-05-03,107588000000,10-Q,StockholdersEquityIncludingPortionAttributableToNoncontrollingInterest
MS,2021-06-30,2021-08-02,108162000000,10-Q,StockholdersEquityIncludingPortionAttributableToNoncontrollingInterest
MS,2021-09-30,2021-11-03,107119000000,10-Q,StockholdersEquityIncludingPortionAttributableToNoncontrollingInterest
MS,2021-12-31,2022-02-24,106598000000,10-K,StockholdersEquityIncludingPortionAttributableToNoncontrollingInterest
MS,2022-03-31,2022-05-04,104075000000,10-Q,StockholdersEquityIncludingPortionAttributableToNoncontrollingInterest
MS,2022-06-30,2022-08-05,102662000000,10-Q,StockholdersEquityIncludingPortionAttributableToNoncontrollingInterest
MS,2022-09-30,2022-11-03,102089000000,10-Q,StockholdersEquityIncludingPortionAttributableToNoncontrollingInterest
MS,2022-12-31,2023-02-24,101231000000,10-K,StockholdersEquityIncludingPortionAttributableToNoncontrollingInterest
MS,2023-03-31,2023-05-02,101954000000,10-Q,StockholdersEquityIncludingPortionAttributableToNoncontrollingInterest
MS,2023-06-30,2023-08-03,101361000000,10-Q,StockholdersEquityIncludingPortionAttributableToNoncontrollingInterest
MS,2023-09-30,2023-11-03,100158000000,10-Q,StockholdersEquityIncludingPortionAttributableToNoncontrollingInterest
MS,2023-12-31,2024-02-22,99982000000,10-K,StockholdersEquityIncludingPortionAttributableToNoncontrollingInterest
MS,2024-03-31,2024-05-03,100140000000,10-Q,StockholdersEquityIncludingPortionAttributableToNoncontrollingInterest
MS,2024-06-30,2024-08-05,101606000000,10-Q,StockholdersEquityIncludingPortionAttributableToNoncontrollingInterest
MS,2024-09-30,2024-11-04,104671000000,10-Q,StockholdersEquityIncludingPortionAttributableToNoncontrollingInterest
MS,2024-12-31,2025-02-21,105428000000,10-K,StockholdersEquityIncludingPortionAttributableToNoncontrollingInterest
MS,2025-03-31,2025-05-05,107847000000,10-Q,StockholdersEquityIncludingPortionAttributableToNoncontrollingInterest
MS,2025-06-30,2025-08-04,109270000000,10-Q,StockholdersEquityIncludingPortionAttributableToNoncontrollingInterest
MS,2025-09-30,2025-11-03,111051000000,10-Q,StockholdersEquityIncludingPortionAttributableToNoncontrollingInterest
MS,2025-12-31,2026-02-19,112652000000,10-K,StockholdersEquityIncludingPortionAttributableToNoncontrollingInterest
MS,2026-03-31,2026-05-05,115384000000,10-Q,StockholdersEquityIncludingPortionAttributableToNoncontrollingInterest
MS,2026-06-30,2026-08-04,117440000000,10-Q,StockholdersEquityIncludingPortionAttributableToNoncontrollingInterest
PANW,2019-01-31,2019-02-27,1071800000,10-Q,StockholdersEquity
PANW,2019-04-30,2019-05-30,1453500000,10-Q,StockholdersEquity
PANW,2019-07-31,2019-09-09,1586300000,10-K,StockholdersEquity
PANW,2019-10-31,2019-11-26,1516400000,10-Q,StockholdersEquity
PANW,2020-01-31,2020-02-25,1608500000,10-Q,StockholdersEquity
PANW,2020-04-30,2020-05-22,744700000,10-Q,StockholdersEquity
PANW,2020-07-31,2020-09-04,1101800000,10-K,StockholdersEquity
PANW,2020-10-31,2020-11-19,747000000,10-Q,StockholdersEquity
PANW,2021-01-31,2021-02-23,1037300000,10-Q,StockholdersEquity
PANW,2021-04-30,2021-05-21,997200000,10-Q,StockholdersEquity
PANW,2021-07-31,2021-09-03,634500000,10-K,StockholdersEquity
PANW,2021-10-31,2021-11-19,518900000,10-Q,StockholdersEquity
PANW,2022-01-31,2022-02-23,117800000,10-Q,StockholdersEquity
PANW,2022-04-30,2022-05-20,337600000,10-Q,StockholdersEquity
PANW,2022-07-31,2022-09-06,210000000,10-K,StockholdersEquity
PANW,2022-10-31,2022-11-18,508000000,10-Q,StockholdersEquity
PANW,2023-01-31,2023-02-22,729000000,10-Q,StockholdersEquity
PANW,2023-04-30,2023-05-24,1232400000,10-Q,StockholdersEquity
PANW,2023-07-31,2023-09-01,1748400000,10-K,StockholdersEquity
PANW,2023-10-31,2023-11-17,2170500000,10-Q,StockholdersEquity
PANW,2024-01-31,2024-02-21,4357200000,10-Q,StockholdersEquity
PANW,2024-04-30,2024-05-21,4467800000,10-Q,StockholdersEquity
PANW,2024-07-31,2024-09-06,5169700000,10-K,StockholdersEquity
PANW,2024-10-31,2024-11-21,5911800000,10-Q,StockholdersEquity
PANW,2025-01-31,2025-02-14,6375300000,10-Q,StockholdersEquity
PANW,2025-04-30,2025-05-21,7230500000,10-Q,StockholdersEquity
PANW,2025-07-31,2025-08-29,7824400000,10-K,StockholdersEquity
PANW,2025-10-31,2025-11-20,8665000000,10-Q,StockholdersEquity
PANW,2026-01-31,2026-02-18,9393000000,10-Q,StockholdersEquity
PANW,2026-04-30,2026-06-03,27668000000,10-Q,StockholdersEquity
PANW,2026-07-31,2026-09-10,27492000000,10-K,StockholdersEquity
HD,2019-02-03,2019-03-28,-1878000000,10-K,StockholdersEquity
HD,2019-05-05,2019-05-29,-2143000000,10-Q,StockholdersEquity
HD,2019-08-04,2019-08-27,-1160000000,10-Q,StockholdersEquity
HD,2019-11-03,2019-11-26,-1082000000,10-Q,StockholdersEquity
HD,2020-02-02,2020-03-25,-3116000000,10-K,StockholdersEquity
HD,2020-05-03,2020-05-27,-3490000000,10-Q,StockholdersEquity
HD,2020-08-02,2020-08-25,-414000000,10-Q,StockholdersEquity
HD,2020-11-01,2020-11-24,1535000000,10-Q,StockholdersEquity
HD,2021-01-31,2021-03-24,3299000000,10-K,StockholdersEquity
HD,2021-05-02,2021-05-25,1748000000,10-Q,StockholdersEquity
HD,2021-08-01,2021-08-24,2069000000,10-Q,StockholdersEquity
HD,2021-10-31,2021-11-23,1035000000,10-Q,StockholdersEquity
HD,2022-01-30,2022-03-23,-1696000000,10-K,StockholdersEquity
HD,2022-05-01,2022-05-24,-1709000000,10-Q,StockholdersEquity
HD,2022-07-31,2022-08-23,237000000,10-Q,StockholdersEquity
HD,2022-10-30,2022-11-22,1298000000,10-Q,StockholdersEquity
HD,2023-01-29,2023-03-15,1562000000,10-K,StockholdersEquity
HD,2023-04-30,2023-05-23,362000000,10-Q,StockholdersEquity
HD,2023-07-30,2023-08-22,1335000000,10-Q,StockholdersEquity
HD,2023-10-29,2023-11-21,1430000000,10-Q,StockholdersEquity
HD,2024-01-28,2024-03-13,1044000000,10-K,StockholdersEquity
HD,2024-04-28,2024-05-21,1820000000,10-Q,StockholdersEquity
HD,2024-07-28,2024-08-20,4420000000,10-Q,StockholdersEquity
HD,2024-10-27,2024-11-19,5786000000,10-Q,StockholdersEquity
HD,2025-02-02,2025-03-21,6640000000,10-K,StockholdersEquity
HD,2025-05-04,2025-05-28,7955000000,10-Q,StockholdersEquity
HD,2025-08-03,2025-08-26,10665000000,10-Q,StockholdersEquity
HD,2025-11-02,2025-11-25,12116000000,10-Q,StockholdersEquity
HD,2026-02-01,2026-03-18,12813000000,10-K,StockholdersEquity
HD,2026-05-03,2026-05-27,13874000000,10-Q,StockholdersEquity
HD,2026-08-02,2026-08-25,16617000000,10-Q,StockholdersEquity
NFLX,2019-03-31,2019-04-18,5703058000,10-Q,StockholdersEquity
NFLX,2019-06-30,2019-07-19,6105548000,10-Q,StockholdersEquity
NFLX,2019-09-30,2019-10-18,6861505000,10-Q,StockholdersEquity
NFLX,2019-12-31,2020-01-29,7582157000,10-K,StockholdersEquity
NFLX,2020-03-31,2020-04-21,8409294000,10-Q,StockholdersEquity
NFLX,2020-06-30,2020-07-20,9334753000,10-Q,StockholdersEquity
NFLX,2020-09-30,2020-10-22,10333323000,10-Q,StockholdersEquity
NFLX,2020-12-31,2021-01-28,11065240000,10-K,StockholdersEquity
NFLX,2021-03-31,2021-04-22,12884080000,10-Q,StockholdersEquity
NFLX,2021-06-30,2021-07-22,13863871000,10-Q,StockholdersEquity
NFLX,2021-09-30,2021-10-21,15314617000,10-Q,StockholdersEquity
NFLX,2021-12-31,2022-01-27,15849248000,10-K,StockholdersEquity
NFLX,2022-03-31,2022-04-21,17544039000,10-Q,StockholdersEquity
NFLX,2022-06-30,2022-07-21,19075974000,10-Q,StockholdersEquity
NFLX,2022-09-30,2022-10-20,20528141000,10-Q,StockholdersEquity
NFLX,2022-12-31,2023-01-26,20777401000,10-K,StockholdersEquity
NFLX,2023-03-31,2023-04-21,21828196000,10-Q,StockholdersEquity
NFLX,2023-06-30,2023-07-21,22832215000,10-Q,StockholdersEquity
NFLX,2023-09-30,2023-10-20,22107627000,10-Q,StockholdersEquity
NFLX,2023-12-31,2024-01-26,20588313000,10-K,StockholdersEquity
NFLX,2024-03-31,2024-04-22,21365410000,10-Q,StockholdersEquity
NFLX,2024-06-30,2024-07-19,22112693000,10-Q,StockholdersEquity
NFLX,2024-09-30,2024-10-18,22720736000,10-Q,StockholdersEquity
NFLX,2024-12-31,2025-01-27,24743567000,10-K,StockholdersEquity
NFLX,2025-03-31,2025-04-18,24028073000,10-Q,StockholdersEquity
NFLX,2025-06-30,2025-07-18,24951899000,10-Q,StockholdersEquity
NFLX,2025-09-30,2025-10-22,25954035000,10-Q,StockholdersEquity
NFLX,2025-12-31,2026-01-23,26615488000,10-K,StockholdersEquity
NFLX,2026-03-31,2026-04-17,31126399000,10-Q,StockholdersEquity
NFLX,2026-06-30,2026-07-17,30152052000,10-Q,StockholdersEquity
PM,2019-03-31,2019-04-25,-10185000000,10-Q,StockholdersEquityIncludingPortionAttributableToNoncontrollingInterest
PM,2019-06-30,2019-07-25,-9409000000,10-Q,StockholdersEquityIncludingPortionAttributableToNoncontrollingInterest
PM,2019-09-30,2019-10-24,-9155000000,10-Q,StockholdersEquityIncludingPortionAttributableToNoncontrollingInterest
PM,2019-12-31,2020-02-07,-9599000000,10-K,StockholdersEquityIncludingPortionAttributableToNoncontrollingInterest
PM,2020-03-31,2020-04-28,-11063000000,10-Q,StockholdersEquityIncludingPortionAttributableToNoncontrollingInterest
PM,2020-06-30,2020-07-29,-10120000000,10-Q,StockholdersEquityIncludingPortionAttributableToNoncontrollingInterest
PM,2020-09-30,2020-10-27,-10245000000,10-Q,StockholdersEquityIncludingPortionAttributableToNoncontrollingInterest
PM,2020-12-31,2021-02-09,-10631000000,10-K,StockholdersEquityIncludingPortionAttributableToNoncontrollingInterest
PM,2021-03-31,2021-04-27,-9574000000,10-Q,StockholdersEquityIncludingPortionAttributableToNoncontrollingInterest
PM,2021-06-30,2021-07-27,-9200000000,10-Q,StockholdersEquityIncludingPortionAttributableToNoncontrollingInterest
PM,2021-09-30,2021-10-27,-8632000000,10-Q,StockholdersEquityIncludingPortionAttributableToNoncontrollingInterest
PM,2021-12-31,2022-02-11,-8208000000,10-K,StockholdersEquityIncludingPortionAttributableToNoncontrollingInterest
PM,2022-03-31,2022-04-28,-8203000000,10-Q,StockholdersEquityIncludingPortionAttributableToNoncontrollingInterest
PM,2022-06-30,2022-07-29,-7260000000,10-Q,StockholdersEquityIncludingPortionAttributableToNoncontrollingInterest
PM,2022-09-30,2022-10-27,-7403000000,10-Q,StockholdersEquityIncludingPortionAttributableToNoncontrollingInterest
PM,2022-12-31,2023-02-10,-6311000000,10-K,StockholdersEquityIncludingPortionAttributableToNoncontrollingInterest
PM,2023-03-31,2023-04-26,-7053000000,10-Q,StockholdersEquityIncludingPortionAttributableToNoncontrollingInterest
PM,2023-06-30,2023-07-27,-7960000000,10-Q,StockholdersEquityIncludingPortionAttributableToNoncontrollingInterest
PM,2023-09-30,2023-10-26,-7706000000,10-Q,StockholdersEquityIncludingPortionAttributableToNoncontrollingInterest
PM,2023-12-31,2024-02-08,-9446000000,10-K,StockholdersEquityIncludingPortionAttributableToNoncontrollingInterest
PM,2024-03-31,2024-04-26,-8563000000,10-Q,StockholdersEquityIncludingPortionAttributableToNoncontrollingInterest
PM,2024-06-30,2024-07-25,-7942000000,10-Q,StockholdersEquityIncludingPortionAttributableToNoncontrollingInterest
PM,2024-09-30,2024-10-24,-7713000000,10-Q,StockholdersEquityIncludingPortionAttributableToNoncontrollingInterest
PM,2024-12-31,2025-02-06,-9870000000,10-K,StockholdersEquityIncludingPortionAttributableToNoncontrollingInterest
PM,2025-03-31,2025-04-24,-8926000000,10-Q,StockholdersEquityIncludingPortionAttributableToNoncontrollingInterest
PM,2025-06-30,2025-07-25,-10012000000,10-Q,StockholdersEquityIncludingPortionAttributableToNoncontrollingInterest
PM,2025-09-30,2025-10-24,-8984000000,10-Q,StockholdersEquityIncludingPortionAttributableToNoncontrollingInterest
PM,2025-12-31,2026-02-06,-8028000000,10-K,StockholdersEquityIncludingPortionAttributableToNoncontrollingInterest
PM,2026-03-31,2026-04-24,-7300000000,10-Q,StockholdersEquityIncludingPortionAttributableToNoncontrollingInterest
PM,2026-06-30,2026-07-24,-6657000000,10-Q,StockholdersEquityIncludingPortionAttributableToNoncontrollingInterest
GS,2019-03-31,2019-05-06,90273000000,10-Q,StockholdersEquity
GS,2019-06-30,2019-08-05,90892000000,10-Q,StockholdersEquity
GS,2019-09-30,2019-11-01,92012000000,10-Q,StockholdersEquity
GS,2019-12-31,2020-02-21,90265000000,10-K,StockholdersEquity
GS,2020-03-31,2020-05-01,92379000000,10-Q,StockholdersEquity
GS,2020-06-30,2020-08-07,90029000000,10-Q,StockholdersEquity
GS,2020-09-30,2020-11-02,92650000000,10-Q,StockholdersEquity
GS,2020-12-31,2021-02-22,95932000000,10-K,StockholdersEquity
GS,2021-03-31,2021-05-04,97664000000,10-Q,StockholdersEquity
GS,2021-06-30,2021-08-04,101890000000,10-Q,StockholdersEquity
GS,2021-09-30,2021-11-01,106297000000,10-Q,StockholdersEquity
GS,2021-12-31,2022-02-25,109926000000,10-K,StockholdersEquity
GS,2022-03-31,2022-05-02,115239000000,10-Q,StockholdersEquity
GS,2022-06-30,2022-08-04,117871000000,10-Q,StockholdersEquity
GS,2022-09-30,2022-11-03,119290000000,10-Q,StockholdersEquity
GS,2022-12-31,2023-02-24,117189000000,10-K,StockholdersEquity
GS,2023-03-31,2023-05-04,117509000000,10-Q,StockholdersEquity
GS,2023-06-30,2023-08-03,116493000000,10-Q,StockholdersEquity
GS,2023-09-30,2023-11-03,117277000000,10-Q,StockholdersEquity
GS,2023-12-31,2024-02-23,116905000000,10-K,StockholdersEquity
GS,2024-03-31,2024-05-03,118546000000,10-Q,StockholdersEquity
GS,2024-06-30,2024-08-02,119463000000,10-Q,StockholdersEquity
GS,2024-09-30,2024-11-04,121200000000,10-Q,StockholdersEquity
GS,2024-12-31,2025-02-27,121996000000,10-K,StockholdersEquity
GS,2025-03-31,2025-05-02,124300000000,10-Q,StockholdersEquity
GS,2025-06-30,2025-08-01,124096000000,10-Q,StockholdersEquity
GS,2025-09-30,2025-10-31,124402000000,10-Q,StockholdersEquity
GS,2025-12-31,2026-02-25,124972000000,10-K,StockholdersEquity
GS,2026-03-31,2026-05-01,122782000000,10-Q,StockholdersEquity
GS,2026-06-30,2026-08-03,122742000000,10-Q,StockholdersEquity
IBM,2019-03-31,2019-04-30,16607000000,10-Q,StockholdersEquityIncludingPortionAttributableToNoncontrollingInterest
IBM,2019-06-30,2019-07-30,17776000000,10-Q,StockholdersEquityIncludingPortionAttributableToNoncontrollingInterest
IBM,2019-09-30,2019-10-30,18096000000,10-Q,StockholdersEquityIncludingPortionAttributableToNoncontrollingInterest
IBM,2019-12-31,2020-02-25,20985000000,10-K,StockholdersEquityIncludingPortionAttributableToNoncontrollingInterest
IBM,2020-03-31,2020-04-28,20128000000,10-Q,StockholdersEquityIncludingPortionAttributableToNoncontrollingInterest
IBM,2020-06-30,2020-07-28,20688000000,10-Q,StockholdersEquityIncludingPortionAttributableToNoncontrollingInterest
IBM,2020-09-30,2020-10-27,21334000000,10-Q,StockholdersEquityIncludingPortionAttributableToNoncontrollingInterest
IBM,2020-12-31,2021-02-23,20727000000,10-K,StockholdersEquityIncludingPortionAttributableToNoncontrollingInterest
IBM,2021-03-31,2021-04-27,21513000000,10-Q,StockholdersEquityIncludingPortionAttributableToNoncontrollingInterest
IBM,2021-06-30,2021-07-27,22067000000,10-Q,StockholdersEquityIncludingPortionAttributableToNoncontrollingInterest
IBM,2021-09-30,2021-11-05,22357000000,10-Q,StockholdersEquityIncludingPortionAttributableToNoncontrollingInterest
IBM,2021-12-31,2022-02-22,18996000000,10-K,StockholdersEquityIncludingPortionAttributableToNoncontrollingInterest
IBM,2022-03-31,2022-04-26,19112000000,10-Q,StockholdersEquityIncludingPortionAttributableToNoncontrollingInterest
IBM,2022-06-30,2022-07-25,19476000000,10-Q,StockholdersEquityIncludingPortionAttributableToNoncontrollingInterest
IBM,2022-09-30,2022-10-25,20147000000,10-Q,StockholdersEquityIncludingPortionAttributableToNoncontrollingInterest
IBM,2022-12-31,2023-02-28,22021000000,10-K,StockholdersEquityIncludingPortionAttributableToNoncontrollingInterest
IBM,2023-03-31,2023-04-25,21672000000,10-Q,StockholdersEquityIncludingPortionAttributableToNoncontrollingInterest
IBM,2023-06-30,2023-07-25,22271000000,10-Q,StockholdersEquityIncludingPortionAttributableToNoncontrollingInterest
IBM,2023-09-30,2023-10-31,23156000000,10-Q,StockholdersEquityIncludingPortionAttributableToNoncontrollingInterest
IBM,2023-12-31,2024-02-26,22613000000,10-K,StockholdersEquityIncludingPortionAttributableToNoncontrollingInterest
IBM,2024-03-31,2024-04-30,23333000000,10-Q,StockholdersEquityIncludingPortionAttributableToNoncontrollingInterest
IBM,2024-06-30,2024-07-30,24103000000,10-Q,StockholdersEquityIncludingPortionAttributableToNoncontrollingInterest
IBM,2024-09-30,2024-10-30,24530000000,10-Q,StockholdersEquityIncludingPortionAttributableToNoncontrollingInterest
IBM,2024-12-31,2025-02-25,27393000000,10-K,StockholdersEquityIncludingPortionAttributableToNoncontrollingInterest
IBM,2025-03-31,2025-04-24,26953000000,10-Q,StockholdersEquityIncludingPortionAttributableToNoncontrollingInterest
IBM,2025-06-30,2025-07-24,27588000000,10-Q,StockholdersEquityIncludingPortionAttributableToNoncontrollingInterest
IBM,2025-09-30,2025-10-23,27990000000,10-Q,StockholdersEquityIncludingPortionAttributableToNoncontrollingInterest
IBM,2025-12-31,2026-02-24,32740000000,10-K,StockholdersEquityIncludingPortionAttributableToNoncontrollingInterest
IBM,2026-03-31,2026-04-23,33056000000,10-Q,StockholdersEquityIncludingPortionAttributableToNoncontrollingInterest
IBM,2026-06-30,2026-07-23,34541000000,10-Q,StockholdersEquityIncludingPortionAttributableToNoncontrollingInterest
ANET,2019-03-31,2019-05-06,2400367000,10-Q,StockholdersEquity
ANET,2019-06-30,2019-08-02,2525560000,10-Q,StockholdersEquity
ANET,2019-09-30,2019-11-01,2656004000,10-Q,StockholdersEquity
ANET,2019-12-31,2020-02-14,2894686000,10-K,StockholdersEquity
ANET,2020-03-31,2020-05-06,2848826000,10-Q,StockholdersEquity
ANET,2020-06-30,2020-08-05,3036483000,10-Q,StockholdersEquity
ANET,2020-09-30,2020-11-03,3083877000,10-Q,StockholdersEquity
ANET,2020-12-31,2021-02-19,3320291000,10-K,StockholdersEquity
ANET,2021-03-31,2021-05-06,3451338000,10-Q,StockholdersEquity
ANET,2021-06-30,2021-08-03,3697841000,10-Q,StockholdersEquity
ANET,2021-09-30,2021-11-02,3865260000,10-Q,StockholdersEquity
ANET,2021-12-31,2022-02-15,3978600000,10-K,StockholdersEquity
ANET,2022-03-31,2022-05-03,4153177000,10-Q,StockholdersEquity
ANET,2022-06-30,2022-08-02,4005792000,10-Q,StockholdersEquity
ANET,2022-09-30,2022-11-01,4385218000,10-Q,StockholdersEquity
ANET,2022-12-31,2023-02-14,4885820000,10-K,StockholdersEquity
ANET,2023-03-31,2023-05-02,5329174000,10-Q,StockholdersEquity
ANET,2023-06-30,2023-08-01,5857582000,10-Q,StockholdersEquity
ANET,2023-09-30,2023-10-31,6505555000,10-Q,StockholdersEquity
ANET,2023-12-31,2024-02-13,7219059000,10-K,StockholdersEquity
ANET,2024-03-31,2024-05-08,7862315000,10-Q,StockholdersEquity
ANET,2024-06-30,2024-07-31,8430808000,10-Q,StockholdersEquity
ANET,2024-09-30,2024-11-08,9245889000,10-Q,StockholdersEquity
ANET,2024-12-31,2025-02-19,9994807000,10-K,StockholdersEquity
ANET,2025-03-31,2025-05-07,10119100000,10-Q,StockholdersEquity
ANET,2025-06-30,2025-08-06,10901600000,10-Q,StockholdersEquity
ANET,2025-09-30,2025-11-05,11907100000,10-Q,StockholdersEquity
ANET,2025-12-31,2026-02-17,12370500000,10-K,StockholdersEquity
ANET,2026-03-31,2026-05-06,13487100000,10-Q,StockholdersEquity
ANET,2026-06-30,2026-08-05,14797700000,10-Q,StockholdersEquity
WFC,2019-03-31,2019-05-03,198733000000,10-Q,StockholdersEquityIncludingPortionAttributableToNoncontrollingInterest
WFC,2019-06-30,2019-08-02,200037000000,10-Q,StockholdersEquityIncludingPortionAttributableToNoncontrollingInterest
WFC,2019-09-30,2019-11-01,194416000000,10-Q,StockholdersEquityIncludingPortionAttributableToNoncontrollingInterest
WFC,2019-12-31,2020-02-27,187984000000,10-K,StockholdersEquityIncludingPortionAttributableToNoncontrollingInterest
WFC,2020-03-31,2020-05-05,183330000000,10-Q,StockholdersEquityIncludingPortionAttributableToNoncontrollingInterest
WFC,2020-06-30,2020-08-04,180122000000,10-Q,StockholdersEquityIncludingPortionAttributableToNoncontrollingInterest
WFC,2020-09-30,2020-11-02,182032000000,10-Q,StockholdersEquityIncludingPortionAttributableToNoncontrollingInterest
WFC,2020-12-31,2021-02-23,185920000000,10-K,StockholdersEquityIncludingPortionAttributableToNoncontrollingInterest
WFC,2021-03-31,2021-05-05,188348000000,10-Q,StockholdersEquityIncludingPortionAttributableToNoncontrollingInterest
WFC,2021-06-30,2021-07-28,193127000000,10-Q,StockholdersEquityIncludingPortionAttributableToNoncontrollingInterest
WFC,2021-09-30,2021-11-01,191071000000,10-Q,StockholdersEquityIncludingPortionAttributableToNoncontrollingInterest
WFC,2021-12-31,2022-02-22,190110000000,10-K,StockholdersEquityIncludingPortionAttributableToNoncontrollingInterest
WFC,2022-03-31,2022-05-03,181689000000,10-Q,StockholdersEquityIncludingPortionAttributableToNoncontrollingInterest
WFC,2022-06-30,2022-08-01,179793000000,10-Q,StockholdersEquityIncludingPortionAttributableToNoncontrollingInterest
WFC,2022-09-30,2022-10-31,178409000000,10-Q,StockholdersEquityIncludingPortionAttributableToNoncontrollingInterest
WFC,2022-12-31,2023-02-21,181875000000,10-K,StockholdersEquityIncludingPortionAttributableToNoncontrollingInterest
WFC,2023-03-31,2023-05-02,183220000000,10-Q,StockholdersEquityIncludingPortionAttributableToNoncontrollingInterest
WFC,2023-06-30,2023-08-01,181952000000,10-Q,StockholdersEquityIncludingPortionAttributableToNoncontrollingInterest
WFC,2023-09-30,2023-10-31,182373000000,10-Q,StockholdersEquityIncludingPortionAttributableToNoncontrollingInterest
WFC,2023-12-31,2024-02-20,187443000000,10-K,StockholdersEquityIncludingPortionAttributableToNoncontrollingInterest
WFC,2024-03-31,2024-05-02,182674000000,10-Q,StockholdersEquityIncludingPortionAttributableToNoncontrollingInterest
WFC,2024-06-30,2024-08-01,178148000000,10-Q,StockholdersEquityIncludingPortionAttributableToNoncontrollingInterest
WFC,2024-09-30,2024-10-31,185011000000,10-Q,StockholdersEquityIncludingPortionAttributableToNoncontrollingInterest
WFC,2024-12-31,2025-02-25,181066000000,10-K,StockholdersEquityIncludingPortionAttributableToNoncontrollingInterest
WFC,2025-03-31,2025-04-29,182906000000,10-Q,StockholdersEquityIncludingPortionAttributableToNoncontrollingInterest
WFC,2025-06-30,2025-08-05,182954000000,10-Q,StockholdersEquityIncludingPortionAttributableToNoncontrollingInterest
WFC,2025-09-30,2025-10-31,183012000000,10-Q,StockholdersEquityIncludingPortionAttributableToNoncontrollingInterest
WFC,2025-12-31,2026-02-24,183038000000,10-K,StockholdersEquityIncludingPortionAttributableToNoncontrollingInterest
WFC,2026-03-31,2026-04-29,180313000000,10-Q,StockholdersEquityIncludingPortionAttributableToNoncontrollingInterest
WFC,2026-06-30,2026-07-28,182323000000,10-Q,StockholdersEquityIncludingPortionAttributableToNoncontrollingInterest
CRWD,2019-01-31,2020-03-23,-487793000,10-K,StockholdersEquityIncludingPortionAttributableToNoncontrollingInterest
CRWD,2020-01-31,2020-03-23,742607000,10-K,StockholdersEquityIncludingPortionAttributableToNoncontrollingInterest
CRWD,2020-04-30,2020-06-03,753153000,10-Q,StockholdersEquityIncludingPortionAttributableToNoncontrollingInterest
CRWD,2020-07-31,2020-09-03,792015000,10-Q,StockholdersEquityIncludingPortionAttributableToNoncontrollingInterest
CRWD,2020-10-31,2020-12-03,814785000,10-Q,StockholdersEquityIncludingPortionAttributableToNoncontrollingInterest
CRWD,2021-01-31,2021-03-18,871874000,10-K,StockholdersEquityIncludingPortionAttributableToNoncontrollingInterest
CRWD,2021-04-30,2021-06-04,853397000,10-Q,StockholdersEquityIncludingPortionAttributableToNoncontrollingInterest
CRWD,2021-07-31,2021-09-01,911401000,10-Q,StockholdersEquityIncludingPortionAttributableToNoncontrollingInterest
CRWD,2021-10-31,2021-12-02,959570000,10-Q,StockholdersEquityIncludingPortionAttributableToNoncontrollingInterest
CRWD,2022-01-31,2022-03-16,1037643000,10-K,StockholdersEquityIncludingPortionAttributableToNoncontrollingInterest
CRWD,2022-04-30,2022-06-03,1116997000,10-Q,StockholdersEquityIncludingPortionAttributableToNoncontrollingInterest
CRWD,2022-07-31,2022-08-31,1243347000,10-Q,StockholdersEquityIncludingPortionAttributableToNoncontrollingInterest
CRWD,2022-10-31,2022-11-30,1337632000,10-Q,StockholdersEquityIncludingPortionAttributableToNoncontrollingInterest
CRWD,2023-01-31,2023-03-09,1487434000,10-K,StockholdersEquityIncludingPortionAttributableToNoncontrollingInterest
CRWD,2023-04-30,2023-06-01,1634359000,10-Q,StockholdersEquityIncludingPortionAttributableToNoncontrollingInterest
CRWD,2023-07-31,2023-08-31,1870100000,10-Q,StockholdersEquityIncludingPortionAttributableToNoncontrollingInterest
CRWD,2023-10-31,2023-11-29,2060847000,10-Q,StockholdersEquityIncludingPortionAttributableToNoncontrollingInterest
CRWD,2024-01-31,2024-03-07,2337089000,10-K,StockholdersEquityIncludingPortionAttributableToNoncontrollingInterest
CRWD,2024-04-30,2024-06-05,2568782000,10-Q,StockholdersEquityIncludingPortionAttributableToNoncontrollingInterest
CRWD,2024-07-31,2024-08-29,2890590000,10-Q,StockholdersEquityIncludingPortionAttributableToNoncontrollingInterest
CRWD,2024-10-31,2024-11-27,3095611000,10-Q,StockholdersEquityIncludingPortionAttributableToNoncontrollingInterest
CRWD,2025-01-31,2025-03-10,3318917000,10-K,StockholdersEquityIncludingPortionAttributableToNoncontrollingInterest
CRWD,2025-04-30,2025-06-04,3491014000,10-Q,StockholdersEquityIncludingPortionAttributableToNoncontrollingInterest
CRWD,2025-07-31,2025-08-28,3794691000,10-Q,StockholdersEquityIncludingPortionAttributableToNoncontrollingInterest
CRWD,2025-10-31,2025-12-03,4059017000,10-Q,StockholdersEquityIncludingPortionAttributableToNoncontrollingInterest
CRWD,2026-01-31,2026-03-05,4472605000,10-K,StockholdersEquityIncludingPortionAttributableToNoncontrollingInterest
CRWD,2026-04-30,2026-06-04,4675332000,10-Q,StockholdersEquityIncludingPortionAttributableToNoncontrollingInterest
CRWD,2026-07-31,2026-08-27,5139525000,10-Q,StockholdersEquityIncludingPortionAttributableToNoncontrollingInterest
RTX,2019-03-31,2019-04-26,41946000000,10-Q,StockholdersEquityIncludingPortionAttributableToNoncontrollingInterest
RTX,2019-06-30,2019-07-26,42977000000,10-Q,StockholdersEquityIncludingPortionAttributableToNoncontrollingInterest
RTX,2019-09-30,2019-10-25,42819000000,10-Q,StockholdersEquityIncludingPortionAttributableToNoncontrollingInterest
RTX,2019-12-31,2020-02-06,44231000000,10-K,StockholdersEquityIncludingPortionAttributableToNoncontrollingInterest
RTX,2020-03-31,2020-05-07,41935000000,10-Q,StockholdersEquityIncludingPortionAttributableToNoncontrollingInterest
RTX,2020-06-30,2020-07-29,68892000000,10-Q,StockholdersEquityIncludingPortionAttributableToNoncontrollingInterest
RTX,2020-09-30,2020-10-27,70080000000,10-Q,StockholdersEquityIncludingPortionAttributableToNoncontrollingInterest
RTX,2020-12-31,2021-02-08,73852000000,10-K,StockholdersEquityIncludingPortionAttributableToNoncontrollingInterest
RTX,2021-03-31,2021-04-27,73308000000,10-Q,StockholdersEquityIncludingPortionAttributableToNoncontrollingInterest
RTX,2021-06-30,2021-07-27,72721000000,10-Q,StockholdersEquityIncludingPortionAttributableToNoncontrollingInterest
RTX,2021-09-30,2021-10-26,72937000000,10-Q,StockholdersEquityIncludingPortionAttributableToNoncontrollingInterest
RTX,2021-12-31,2022-02-11,74664000000,10-K,StockholdersEquityIncludingPortionAttributableToNoncontrollingInterest
RTX,2022-03-31,2022-04-26,73986000000,10-Q,StockholdersEquityIncludingPortionAttributableToNoncontrollingInterest
RTX,2022-06-30,2022-07-26,71990000000,10-Q,StockholdersEquityIncludingPortionAttributableToNoncontrollingInterest
RTX,2022-09-30,2022-10-25,71735000000,10-Q,StockholdersEquityIncludingPortionAttributableToNoncontrollingInterest
RTX,2022-12-31,2023-02-07,74178000000,10-K,StockholdersEquityIncludingPortionAttributableToNoncontrollingInterest
RTX,2023-03-31,2023-04-25,74347000000,10-Q,StockholdersEquityIncludingPortionAttributableToNoncontrollingInterest
RTX,2023-06-30,2023-07-25,74056000000,10-Q,StockholdersEquityIncludingPortionAttributableToNoncontrollingInterest
RTX,2023-09-30,2023-10-24,71213000000,10-Q,StockholdersEquityIncludingPortionAttributableToNoncontrollingInterest
RTX,2023-12-31,2024-02-05,61410000000,10-K,StockholdersEquityIncludingPortionAttributableToNoncontrollingInterest
RTX,2024-03-31,2024-04-23,62100000000,10-Q,StockholdersEquityIncludingPortionAttributableToNoncontrollingInterest
RTX,2024-06-30,2024-07-25,60650000000,10-Q,StockholdersEquityIncludingPortionAttributableToNoncontrollingInterest
RTX,2024-09-30,2024-10-22,62826000000,10-Q,StockholdersEquityIncludingPortionAttributableToNoncontrollingInterest
RTX,2024-12-31,2025-02-03,61923000000,10-K,StockholdersEquityIncludingPortionAttributableToNoncontrollingInterest
RTX,2025-03-31,2025-04-22,63307000000,10-Q,StockholdersEquityIncludingPortionAttributableToNoncontrollingInterest
RTX,2025-06-30,2025-07-22,64206000000,10-Q,StockholdersEquityIncludingPortionAttributableToNoncontrollingInterest
RTX,2025-09-30,2025-10-21,66359000000,10-Q,StockholdersEquityIncludingPortionAttributableToNoncontrollingInterest
RTX,2025-12-31,2026-02-06,67102000000,10-K,StockholdersEquityIncludingPortionAttributableToNoncontrollingInterest
RTX,2026-03-31,2026-04-21,67997000000,10-Q,StockholdersEquityIncludingPortionAttributableToNoncontrollingInterest
RTX,2026-06-30,2026-07-23,68116000000,10-Q,StockholdersEquityIncludingPortionAttributableToNoncontrollingInterest
VZ,2019-03-31,2019-04-26,57460000000,10-Q,StockholdersEquityIncludingPortionAttributableToNoncontrollingInterest
VZ,2019-06-30,2019-08-08,57947000000,10-Q,StockholdersEquityIncludingPortionAttributableToNoncontrollingInterest
VZ,2019-09-30,2019-10-30,60312000000,10-Q,StockholdersEquityIncludingPortionAttributableToNoncontrollingInterest
VZ,2019-12-31,2020-02-21,62835000000,10-K,StockholdersEquityIncludingPortionAttributableToNoncontrollingInterest
VZ,2020-03-31,2020-04-27,61653000000,10-Q,StockholdersEquityIncludingPortionAttributableToNoncontrollingInterest
VZ,2020-06-30,2020-07-28,64113000000,10-Q,StockholdersEquityIncludingPortionAttributableToNoncontrollingInterest
VZ,2020-09-30,2020-10-27,66530000000,10-Q,StockholdersEquityIncludingPortionAttributableToNoncontrollingInterest
VZ,2020-12-31,2021-02-25,69272000000,10-K,StockholdersEquityIncludingPortionAttributableToNoncontrollingInterest
VZ,2021-03-31,2021-04-27,72683000000,10-Q,StockholdersEquityIncludingPortionAttributableToNoncontrollingInterest
VZ,2021-06-30,2021-07-28,75112000000,10-Q,StockholdersEquityIncludingPortionAttributableToNoncontrollingInterest
VZ,2021-09-30,2021-10-26,78489000000,10-Q,StockholdersEquityIncludingPortionAttributableToNoncontrollingInterest
VZ,2021-12-31,2022-02-11,83200000000,10-K,StockholdersEquityIncludingPortionAttributableToNoncontrollingInterest
VZ,2022-03-31,2022-04-27,85175000000,10-Q,StockholdersEquityIncludingPortionAttributableToNoncontrollingInterest
VZ,2022-06-30,2022-07-28,87357000000,10-Q,StockholdersEquityIncludingPortionAttributableToNoncontrollingInterest
VZ,2022-09-30,2022-10-25,88783000000,10-Q,StockholdersEquityIncludingPortionAttributableToNoncontrollingInterest
VZ,2022-12-31,2023-02-10,92463000000,10-K,StockholdersEquityIncludingPortionAttributableToNoncontrollingInterest
VZ,2023-03-31,2023-04-27,94219000000,10-Q,StockholdersEquityIncludingPortionAttributableToNoncontrollingInterest
VZ,2023-06-30,2023-07-28,96502000000,10-Q,StockholdersEquityIncludingPortionAttributableToNoncontrollingInterest
VZ,2023-09-30,2023-10-26,99088000000,10-Q,StockholdersEquityIncludingPortionAttributableToNoncontrollingInterest
VZ,2023-12-31,2024-02-09,93799000000,10-K,StockholdersEquityIncludingPortionAttributableToNoncontrollingInterest
VZ,2024-03-31,2024-04-25,95726000000,10-Q,StockholdersEquityIncludingPortionAttributableToNoncontrollingInterest
VZ,2024-06-30,2024-07-25,97539000000,10-Q,StockholdersEquityIncludingPortionAttributableToNoncontrollingInterest
VZ,2024-09-30,2024-10-25,97668000000,10-Q,StockholdersEquityIncludingPortionAttributableToNoncontrollingInterest
VZ,2024-12-31,2025-02-12,100575000000,10-K,StockholdersEquityIncludingPortionAttributableToNoncontrollingInterest
VZ,2025-03-31,2025-04-25,102037000000,10-Q,StockholdersEquityIncludingPortionAttributableToNoncontrollingInterest
VZ,2025-06-30,2025-07-25,104361000000,10-Q,StockholdersEquityIncludingPortionAttributableToNoncontrollingInterest
VZ,2025-09-30,2025-10-29,106345000000,10-Q,StockholdersEquityIncludingPortionAttributableToNoncontrollingInterest
VZ,2025-12-31,2026-02-17,105741000000,10-K,StockholdersEquityIncludingPortionAttributableToNoncontrollingInterest
VZ,2026-03-31,2026-05-01,104622000000,10-Q,StockholdersEquityIncludingPortionAttributableToNoncontrollingInterest
VZ,2026-06-30,2026-07-31,105196000000,10-Q,StockholdersEquityIncludingPortionAttributableToNoncontrollingInterest
TXN,2019-03-31,2019-04-30,8519000000,10-Q,StockholdersEquity
TXN,2019-06-30,2019-07-31,8486000000,10-Q,StockholdersEquity
TXN,2019-09-30,2019-10-31,8985000000,10-Q,StockholdersEquity
TXN,2019-12-31,2020-02-20,8907000000,10-K,StockholdersEquity
TXN,2020-03-31,2020-04-22,7734000000,10-Q,StockholdersEquity
TXN,2020-06-30,2020-07-22,7644000000,10-Q,StockholdersEquity
TXN,2020-09-30,2020-10-21,8325000000,10-Q,StockholdersEquity
TXN,2020-12-31,2021-02-05,9187000000,10-K,StockholdersEquity
TXN,2021-03-31,2021-04-28,10166000000,10-Q,StockholdersEquity
TXN,2021-06-30,2021-07-22,11153000000,10-Q,StockholdersEquity
TXN,2021-09-30,2021-10-27,12151000000,10-Q,StockholdersEquity
TXN,2021-12-31,2022-02-04,13333000000,10-K,StockholdersEquity
TXN,2022-03-31,2022-04-27,14017000000,10-Q,StockholdersEquity
TXN,2022-06-30,2022-07-27,14092000000,10-Q,StockholdersEquity
TXN,2022-09-30,2022-10-26,14507000000,10-Q,StockholdersEquity
TXN,2022-12-31,2023-02-03,14577000000,10-K,StockholdersEquity
TXN,2023-03-31,2023-04-26,15243000000,10-Q,StockholdersEquity
TXN,2023-06-30,2023-07-26,15940000000,10-Q,StockholdersEquity
TXN,2023-09-30,2023-10-25,16631000000,10-Q,StockholdersEquity
TXN,2023-12-31,2024-02-02,16897000000,10-K,StockholdersEquity
TXN,2024-03-31,2024-04-24,16983000000,10-Q,StockholdersEquity
TXN,2024-06-30,2024-07-24,17214000000,10-Q,StockholdersEquity
TXN,2024-09-30,2024-10-23,17268000000,10-Q,StockholdersEquity
TXN,2024-12-31,2025-02-14,16903000000,10-K,StockholdersEquity
TXN,2025-03-31,2025-04-24,16406000000,10-Q,StockholdersEquity
TXN,2025-06-30,2025-07-29,16403000000,10-Q,StockholdersEquity
TXN,2025-09-30,2025-10-23,16627000000,10-Q,StockholdersEquity
TXN,2025-12-31,2026-02-06,16273000000,10-K,StockholdersEquity
TXN,2026-03-31,2026-04-24,16778000000,10-Q,StockholdersEquity
TXN,2026-06-30,2026-07-24,18007000000,10-Q,StockholdersEquity
TMUS,2019-03-31,2019-04-25,26181000000,10-Q,StockholdersEquity
TMUS,2019-06-30,2019-07-26,26967000000,10-Q,StockholdersEquity
TMUS,2019-09-30,2019-10-28,27771000000,10-Q,StockholdersEquity
TMUS,2019-12-31,2020-02-06,28789000000,10-K,StockholdersEquity
TMUS,2020-03-31,2020-05-06,28977000000,10-Q,StockholdersEquity
TMUS,2020-06-30,2020-08-06,62996000000,10-Q,StockholdersEquity
TMUS,2020-09-30,2020-11-05,64487000000,10-Q,StockholdersEquity
TMUS,2020-12-31,2021-02-23,65344000000,10-K,StockholdersEquity
TMUS,2021-03-31,2021-05-04,66377000000,10-Q,StockholdersEquity
TMUS,2021-06-30,2021-08-03,67470000000,10-Q,StockholdersEquity
TMUS,2021-09-30,2021-11-02,68427000000,10-Q,StockholdersEquity
TMUS,2021-12-31,2022-02-11,69102000000,10-K,StockholdersEquity
TMUS,2022-03-31,2022-05-06,69976000000,10-Q,StockholdersEquity
TMUS,2022-06-30,2022-07-29,70034000000,10-Q,StockholdersEquity
TMUS,2022-09-30,2022-10-27,70150000000,10-Q,StockholdersEquity
TMUS,2022-12-31,2023-02-14,69656000000,10-K,StockholdersEquity
TMUS,2023-03-31,2023-04-27,66925000000,10-Q,StockholdersEquity
TMUS,2023-06-30,2023-07-27,65750000000,10-Q,StockholdersEquity
TMUS,2023-09-30,2023-10-25,64698000000,10-Q,StockholdersEquity
TMUS,2023-12-31,2024-02-02,64715000000,10-K,StockholdersEquity
TMUS,2024-03-31,2024-04-26,62074000000,10-Q,StockholdersEquity
TMUS,2024-06-30,2024-07-31,62636000000,10-Q,StockholdersEquity
TMUS,2024-09-30,2024-10-23,64250000000,10-Q,StockholdersEquity
TMUS,2024-12-31,2025-01-31,61741000000,10-K,StockholdersEquity
TMUS,2025-03-31,2025-04-24,61105000000,10-Q,StockholdersEquity
TMUS,2025-06-30,2025-07-23,61107000000,10-Q,StockholdersEquity
TMUS,2025-09-30,2025-10-23,60477000000,10-Q,StockholdersEquity
TMUS,2025-12-31,2026-02-11,59203000000,10-K,StockholdersEquity
TMUS,2026-03-31,2026-04-28,55879000000,10-Q,StockholdersEquity
TMUS,2026-06-30,2026-07-23,56265000000,10-Q,StockholdersEquity
